trial,method,benchmark,param,true_value,rank,n_samples
0,async_propulate_abc,gaussian_mean,mu,0.670357575438965,1595,2000
1,async_propulate_abc,gaussian_mean,mu,2.6073599129515843,888,2000
2,async_propulate_abc,gaussian_mean,mu,-1.191006095016487,120,2000
3,async_propulate_abc,gaussian_mean,mu,0.6944401902336219,854,2000
4,async_propulate_abc,gaussian_mean,mu,3.248046109478892,703,2000
5,async_propulate_abc,gaussian_mean,mu,-4.434672536057063,1074,2000
6,async_propulate_abc,gaussian_mean,mu,3.220090967355631,118,2000
7,async_propulate_abc,gaussian_mean,mu,-2.7775733910653555,803,2000
8,async_propulate_abc,gaussian_mean,mu,4.304631176542582,1104,2000
9,async_propulate_abc,gaussian_mean,mu,-1.1079534817102532,1851,2000
10,async_propulate_abc,gaussian_mean,mu,-3.0078418091433043,1028,2000
11,async_propulate_abc,gaussian_mean,mu,4.173053190483779,274,2000
12,async_propulate_abc,gaussian_mean,mu,4.291387587736933,1666,2000
13,async_propulate_abc,gaussian_mean,mu,2.4917956109068733,644,2000
14,async_propulate_abc,gaussian_mean,mu,4.902199605182169,351,2000
15,async_propulate_abc,gaussian_mean,mu,-3.6916850154215073,1492,2000
16,async_propulate_abc,gaussian_mean,mu,-3.370062220325228,309,2000
17,async_propulate_abc,gaussian_mean,mu,1.009237505778282,1622,2000
18,async_propulate_abc,gaussian_mean,mu,1.2295949568391311,1610,2000
19,async_propulate_abc,gaussian_mean,mu,-1.0953333184106184,773,2000
20,async_propulate_abc,gaussian_mean,mu,3.14493946066235,622,2000
21,async_propulate_abc,gaussian_mean,mu,4.382028757080342,12,2000
22,async_propulate_abc,gaussian_mean,mu,-2.849922470642743,634,2000
23,async_propulate_abc,gaussian_mean,mu,-4.157922591440614,538,2000
24,async_propulate_abc,gaussian_mean,mu,0.3496631393193912,1751,2000
25,async_propulate_abc,gaussian_mean,mu,4.467273700042563,29,2000
26,async_propulate_abc,gaussian_mean,mu,-0.8542101981940835,1159,2000
27,async_propulate_abc,gaussian_mean,mu,2.902637187723668,1781,2000
28,async_propulate_abc,gaussian_mean,mu,4.780388919561675,665,2000
29,async_propulate_abc,gaussian_mean,mu,-2.7662299359448115,518,2000
30,async_propulate_abc,gaussian_mean,mu,0.5386934909580177,1344,2000
31,async_propulate_abc,gaussian_mean,mu,-4.979860291773612,256,2000
32,async_propulate_abc,gaussian_mean,mu,0.9837963281508896,1879,2000
33,async_propulate_abc,gaussian_mean,mu,4.915480624856569,776,2000
34,async_propulate_abc,gaussian_mean,mu,1.8586360163146871,1503,2000
35,async_propulate_abc,gaussian_mean,mu,-1.5148935463732425,1684,2000
36,async_propulate_abc,gaussian_mean,mu,-0.3818880744732666,395,2000
37,async_propulate_abc,gaussian_mean,mu,-4.432354390291283,1831,2000
38,async_propulate_abc,gaussian_mean,mu,-2.6169434954255832,599,2000
39,async_propulate_abc,gaussian_mean,mu,0.6880134615516571,867,2000
0,abc_smc_baseline,gaussian_mean,mu,0.670357575438965,75,100
1,abc_smc_baseline,gaussian_mean,mu,2.6073599129515843,67,100
2,abc_smc_baseline,gaussian_mean,mu,-1.191006095016487,7,100
3,abc_smc_baseline,gaussian_mean,mu,0.6944401902336219,59,100
4,abc_smc_baseline,gaussian_mean,mu,3.248046109478892,23,100
5,abc_smc_baseline,gaussian_mean,mu,-4.434672536057063,61,100
6,abc_smc_baseline,gaussian_mean,mu,3.220090967355631,0,100
7,abc_smc_baseline,gaussian_mean,mu,-2.7775733910653555,22,100
8,abc_smc_baseline,gaussian_mean,mu,4.304631176542582,69,100
9,abc_smc_baseline,gaussian_mean,mu,-1.1079534817102532,97,100
10,abc_smc_baseline,gaussian_mean,mu,-3.0078418091433043,40,100
11,abc_smc_baseline,gaussian_mean,mu,4.173053190483779,5,100
12,abc_smc_baseline,gaussian_mean,mu,4.291387587736933,95,100
13,abc_smc_baseline,gaussian_mean,mu,2.4917956109068733,43,100
14,abc_smc_baseline,gaussian_mean,mu,4.902199605182169,9,100
15,abc_smc_baseline,gaussian_mean,mu,-3.6916850154215073,77,100
16,abc_smc_baseline,gaussian_mean,mu,-3.370062220325228,6,100
17,abc_smc_baseline,gaussian_mean,mu,1.009237505778282,78,100
18,abc_smc_baseline,gaussian_mean,mu,1.2295949568391311,90,100
19,abc_smc_baseline,gaussian_mean,mu,-1.0953333184106184,51,100
20,abc_smc_baseline,gaussian_mean,mu,3.14493946066235,26,100
21,abc_smc_baseline,gaussian_mean,mu,4.382028757080342,0,100
22,abc_smc_baseline,gaussian_mean,mu,-2.849922470642743,30,100
23,abc_smc_baseline,gaussian_mean,mu,-4.157922591440614,23,100
24,abc_smc_baseline,gaussian_mean,mu,0.3496631393193912,97,100
25,abc_smc_baseline,gaussian_mean,mu,4.467273700042563,0,100
26,abc_smc_baseline,gaussian_mean,mu,-0.8542101981940835,58,100
27,abc_smc_baseline,gaussian_mean,mu,2.902637187723668,96,100
28,abc_smc_baseline,gaussian_mean,mu,4.780388919561675,22,100
29,abc_smc_baseline,gaussian_mean,mu,-2.7662299359448115,12,100
30,abc_smc_baseline,gaussian_mean,mu,0.5386934909580177,80,100
31,abc_smc_baseline,gaussian_mean,mu,-4.979860291773612,15,100
32,abc_smc_baseline,gaussian_mean,mu,0.9837963281508896,99,100
33,abc_smc_baseline,gaussian_mean,mu,4.915480624856569,40,100
34,abc_smc_baseline,gaussian_mean,mu,1.8586360163146871,83,100
35,abc_smc_baseline,gaussian_mean,mu,-1.5148935463732425,91,100
36,abc_smc_baseline,gaussian_mean,mu,-0.3818880744732666,14,100
37,abc_smc_baseline,gaussian_mean,mu,-4.432354390291283,99,100
38,abc_smc_baseline,gaussian_mean,mu,-2.6169434954255832,32,100
39,abc_smc_baseline,gaussian_mean,mu,0.6880134615516571,30,100
40,async_propulate_abc,gaussian_mean,mu,-2.9827196079065,952,2000
41,async_propulate_abc,gaussian_mean,mu,4.799839307169107,730,2000
42,async_propulate_abc,gaussian_mean,mu,2.8193779975767037,1946,2000
43,async_propulate_abc,gaussian_mean,mu,-3.1982592042951463,1377,2000
44,async_propulate_abc,gaussian_mean,mu,-0.7525326290469092,1863,2000
45,async_propulate_abc,gaussian_mean,mu,-2.87010323915585,881,2000
46,async_propulate_abc,gaussian_mean,mu,-2.0542026223979915,724,2000
47,async_propulate_abc,gaussian_mean,mu,-3.227613779849769,192,2000
48,async_propulate_abc,gaussian_mean,mu,0.0714542155556152,1018,2000
49,async_propulate_abc,gaussian_mean,mu,1.116789033906107,1326,2000
50,async_propulate_abc,gaussian_mean,mu,4.136251186134892,806,2000
51,async_propulate_abc,gaussian_mean,mu,-0.0246215814920329,1444,2000
52,async_propulate_abc,gaussian_mean,mu,-4.5226810416941055,832,2000
53,async_propulate_abc,gaussian_mean,mu,-1.581344932244746,445,2000
54,async_propulate_abc,gaussian_mean,mu,4.578030044811289,313,2000
55,async_propulate_abc,gaussian_mean,mu,-0.8932981619058387,1025,2000
56,async_propulate_abc,gaussian_mean,mu,2.053126750438463,202,2000
57,async_propulate_abc,gaussian_mean,mu,1.0562180876966911,961,2000
58,async_propulate_abc,gaussian_mean,mu,-3.670451661160944,1094,2000
59,async_propulate_abc,gaussian_mean,mu,4.794673157775828,421,2000
60,async_propulate_abc,gaussian_mean,mu,-2.4775340320730943,1818,2000
61,async_propulate_abc,gaussian_mean,mu,4.634708655037951,1393,2000
62,async_propulate_abc,gaussian_mean,mu,3.910416215873351,632,2000
63,async_propulate_abc,gaussian_mean,mu,-3.051371208643964,1325,2000
64,async_propulate_abc,gaussian_mean,mu,-4.691223325401622,1382,2000
65,async_propulate_abc,gaussian_mean,mu,0.4294623110388542,818,2000
66,async_propulate_abc,gaussian_mean,mu,-3.3915584947694564,1097,2000
67,async_propulate_abc,gaussian_mean,mu,-2.283187777223471,1669,2000
68,async_propulate_abc,gaussian_mean,mu,4.102722726934214,678,2000
69,async_propulate_abc,gaussian_mean,mu,-2.064677220893981,748,2000
70,async_propulate_abc,gaussian_mean,mu,-3.650270716889852,1672,2000
71,async_propulate_abc,gaussian_mean,mu,1.7764447615217345,263,2000
72,async_propulate_abc,gaussian_mean,mu,-0.9609902260540392,283,2000
73,async_propulate_abc,gaussian_mean,mu,3.68800162656645,169,2000
74,async_propulate_abc,gaussian_mean,mu,1.4269557043285277,664,2000
75,async_propulate_abc,gaussian_mean,mu,2.70136932554607,1068,2000
76,async_propulate_abc,gaussian_mean,mu,2.290683095453188,1770,2000
77,async_propulate_abc,gaussian_mean,mu,-0.8767865254804033,890,2000
78,async_propulate_abc,gaussian_mean,mu,0.4125214151110246,1374,2000
79,async_propulate_abc,gaussian_mean,mu,-3.6145543601485697,1849,2000
40,abc_smc_baseline,gaussian_mean,mu,-2.9827196079065,51,100
41,abc_smc_baseline,gaussian_mean,mu,4.799839307169107,22,100
42,abc_smc_baseline,gaussian_mean,mu,2.8193779975767037,99,100
43,abc_smc_baseline,gaussian_mean,mu,-3.1982592042951463,73,100
44,abc_smc_baseline,gaussian_mean,mu,-0.7525326290469092,93,100
45,abc_smc_baseline,gaussian_mean,mu,-2.87010323915585,49,100
46,abc_smc_baseline,gaussian_mean,mu,-2.0542026223979915,42,100
47,abc_smc_baseline,gaussian_mean,mu,-3.227613779849769,3,100
48,abc_smc_baseline,gaussian_mean,mu,0.0714542155556152,71,100
49,abc_smc_baseline,gaussian_mean,mu,1.116789033906107,78,100
50,abc_smc_baseline,gaussian_mean,mu,4.136251186134892,30,100
51,abc_smc_baseline,gaussian_mean,mu,-0.0246215814920329,81,100
52,abc_smc_baseline,gaussian_mean,mu,-4.5226810416941055,32,100
53,abc_smc_baseline,gaussian_mean,mu,-1.581344932244746,34,100
54,abc_smc_baseline,gaussian_mean,mu,4.578030044811289,15,100
55,abc_smc_baseline,gaussian_mean,mu,-0.8932981619058387,56,100
56,abc_smc_baseline,gaussian_mean,mu,2.053126750438463,2,100
57,abc_smc_baseline,gaussian_mean,mu,1.0562180876966911,53,100
58,abc_smc_baseline,gaussian_mean,mu,-3.670451661160944,67,100
59,abc_smc_baseline,gaussian_mean,mu,4.794673157775828,18,100
60,abc_smc_baseline,gaussian_mean,mu,-2.4775340320730943,99,100
61,abc_smc_baseline,gaussian_mean,mu,4.634708655037951,74,100
62,abc_smc_baseline,gaussian_mean,mu,3.910416215873351,24,100
63,abc_smc_baseline,gaussian_mean,mu,-3.051371208643964,74,100
64,abc_smc_baseline,gaussian_mean,mu,-4.691223325401622,84,100
65,abc_smc_baseline,gaussian_mean,mu,0.4294623110388542,24,100
66,abc_smc_baseline,gaussian_mean,mu,-3.3915584947694564,64,100
67,abc_smc_baseline,gaussian_mean,mu,-2.283187777223471,96,100
68,abc_smc_baseline,gaussian_mean,mu,4.102722726934214,27,100
69,abc_smc_baseline,gaussian_mean,mu,-2.064677220893981,25,100
70,abc_smc_baseline,gaussian_mean,mu,-3.650270716889852,91,100
71,abc_smc_baseline,gaussian_mean,mu,1.7764447615217345,3,100
72,abc_smc_baseline,gaussian_mean,mu,-0.9609902260540392,2,100
73,abc_smc_baseline,gaussian_mean,mu,3.68800162656645,4,100
74,abc_smc_baseline,gaussian_mean,mu,1.4269557043285277,36,100
75,abc_smc_baseline,gaussian_mean,mu,2.70136932554607,68,100
76,abc_smc_baseline,gaussian_mean,mu,2.290683095453188,96,100
77,abc_smc_baseline,gaussian_mean,mu,-0.8767865254804033,41,100
78,abc_smc_baseline,gaussian_mean,mu,0.4125214151110246,73,100
79,abc_smc_baseline,gaussian_mean,mu,-3.6145543601485697,100,100
80,async_propulate_abc,gaussian_mean,mu,3.787965842559661,595,2000
81,async_propulate_abc,gaussian_mean,mu,-0.4977603936696493,1370,2000
82,async_propulate_abc,gaussian_mean,mu,-4.217951171427266,1999,2000
83,async_propulate_abc,gaussian_mean,mu,-3.13012684050428,667,2000
84,async_propulate_abc,gaussian_mean,mu,0.2863822504452233,1751,2000
85,async_propulate_abc,gaussian_mean,mu,0.4660116152114701,0,2000
86,async_propulate_abc,gaussian_mean,mu,3.207802852832259,594,2000
87,async_propulate_abc,gaussian_mean,mu,0.9301410441822276,1451,2000
88,async_propulate_abc,gaussian_mean,mu,3.041668020883062,652,2000
89,async_propulate_abc,gaussian_mean,mu,3.371618346065216,1516,2000
90,async_propulate_abc,gaussian_mean,mu,2.474246902451921,2000,2000
91,async_propulate_abc,gaussian_mean,mu,2.35000300114384,666,2000
92,async_propulate_abc,gaussian_mean,mu,1.0229898884490929,558,2000
93,async_propulate_abc,gaussian_mean,mu,-1.5100593437330545,411,2000
94,async_propulate_abc,gaussian_mean,mu,-3.2845735747922475,1921,2000
95,async_propulate_abc,gaussian_mean,mu,4.817761850491856,246,2000
96,async_propulate_abc,gaussian_mean,mu,3.87278911733652,845,2000
97,async_propulate_abc,gaussian_mean,mu,-0.7196028641373111,533,2000
98,async_propulate_abc,gaussian_mean,mu,3.3098592394531163,445,2000
99,async_propulate_abc,gaussian_mean,mu,3.9502826590517497,332,2000
100,async_propulate_abc,gaussian_mean,mu,2.3135115743662933,1822,2000
101,async_propulate_abc,gaussian_mean,mu,1.5459722114779106,1127,2000
102,async_propulate_abc,gaussian_mean,mu,-3.973630202342543,1746,2000
103,async_propulate_abc,gaussian_mean,mu,-4.151956095601673,1717,2000
104,async_propulate_abc,gaussian_mean,mu,-3.8895582810743,1169,2000
105,async_propulate_abc,gaussian_mean,mu,-3.879387071625012,1702,2000
106,async_propulate_abc,gaussian_mean,mu,-2.664146082606964,215,2000
107,async_propulate_abc,gaussian_mean,mu,-1.957752988955158,1379,2000
108,async_propulate_abc,gaussian_mean,mu,3.251989269700097,1309,2000
109,async_propulate_abc,gaussian_mean,mu,-2.2465489805385275,1781,2000
110,async_propulate_abc,gaussian_mean,mu,0.4593420511335164,1936,2000
111,async_propulate_abc,gaussian_mean,mu,-4.22452082247087,1360,2000
112,async_propulate_abc,gaussian_mean,mu,-3.935621796492159,1085,2000
113,async_propulate_abc,gaussian_mean,mu,-1.303804467812899,863,2000
114,async_propulate_abc,gaussian_mean,mu,4.094885278750724,172,2000
115,async_propulate_abc,gaussian_mean,mu,4.676246027074441,1519,2000
116,async_propulate_abc,gaussian_mean,mu,4.974586532941679,2000,2000
117,async_propulate_abc,gaussian_mean,mu,-1.3691215789304287,559,2000
118,async_propulate_abc,gaussian_mean,mu,-4.952308059634864,238,2000
119,async_propulate_abc,gaussian_mean,mu,2.931156074414454,492,2000
80,abc_smc_baseline,gaussian_mean,mu,3.787965842559661,20,100
81,abc_smc_baseline,gaussian_mean,mu,-0.4977603936696493,66,100
82,abc_smc_baseline,gaussian_mean,mu,-4.217951171427266,100,100
83,abc_smc_baseline,gaussian_mean,mu,-3.13012684050428,27,100
84,abc_smc_baseline,gaussian_mean,mu,0.2863822504452233,98,100
85,abc_smc_baseline,gaussian_mean,mu,0.4660116152114701,0,100
86,abc_smc_baseline,gaussian_mean,mu,3.207802852832259,27,100
87,abc_smc_baseline,gaussian_mean,mu,0.9301410441822276,80,100
88,abc_smc_baseline,gaussian_mean,mu,3.041668020883062,22,100
89,abc_smc_baseline,gaussian_mean,mu,3.371618346065216,80,100
90,abc_smc_baseline,gaussian_mean,mu,2.474246902451921,100,100
91,abc_smc_baseline,gaussian_mean,mu,2.35000300114384,9,100
92,abc_smc_baseline,gaussian_mean,mu,1.0229898884490929,23,100
93,abc_smc_baseline,gaussian_mean,mu,-1.5100593437330545,17,100
94,abc_smc_baseline,gaussian_mean,mu,-3.2845735747922475,100,100
95,abc_smc_baseline,gaussian_mean,mu,4.817761850491856,8,100
96,abc_smc_baseline,gaussian_mean,mu,3.87278911733652,43,100
97,abc_smc_baseline,gaussian_mean,mu,-0.7196028641373111,21,100
98,abc_smc_baseline,gaussian_mean,mu,3.3098592394531163,9,100
99,abc_smc_baseline,gaussian_mean,mu,3.9502826590517497,7,100
100,abc_smc_baseline,gaussian_mean,mu,2.3135115743662933,99,100
101,abc_smc_baseline,gaussian_mean,mu,1.5459722114779106,61,100
102,abc_smc_baseline,gaussian_mean,mu,-3.973630202342543,94,100
103,abc_smc_baseline,gaussian_mean,mu,-4.151956095601673,97,100
104,abc_smc_baseline,gaussian_mean,mu,-3.8895582810743,63,100
105,abc_smc_baseline,gaussian_mean,mu,-3.879387071625012,98,100
106,abc_smc_baseline,gaussian_mean,mu,-2.664146082606964,12,100
107,abc_smc_baseline,gaussian_mean,mu,-1.957752988955158,70,100
108,abc_smc_baseline,gaussian_mean,mu,3.251989269700097,72,100
109,abc_smc_baseline,gaussian_mean,mu,-2.2465489805385275,96,100
110,abc_smc_baseline,gaussian_mean,mu,0.4593420511335164,100,100
111,abc_smc_baseline,gaussian_mean,mu,-4.22452082247087,77,100
112,abc_smc_baseline,gaussian_mean,mu,-3.935621796492159,57,100
113,abc_smc_baseline,gaussian_mean,mu,-1.303804467812899,39,100
114,abc_smc_baseline,gaussian_mean,mu,4.094885278750724,12,100
115,abc_smc_baseline,gaussian_mean,mu,4.676246027074441,82,100
116,abc_smc_baseline,gaussian_mean,mu,4.974586532941679,100,100
117,abc_smc_baseline,gaussian_mean,mu,-1.3691215789304287,9,100
118,abc_smc_baseline,gaussian_mean,mu,-4.952308059634864,7,100
119,abc_smc_baseline,gaussian_mean,mu,2.931156074414454,22,100
120,async_propulate_abc,gaussian_mean,mu,-2.464657275250018,996,2000
121,async_propulate_abc,gaussian_mean,mu,-2.179907261113072,1753,2000
122,async_propulate_abc,gaussian_mean,mu,1.3301311788357797,1904,2000
123,async_propulate_abc,gaussian_mean,mu,4.595665411398088,1489,2000
124,async_propulate_abc,gaussian_mean,mu,4.241590990718523,189,2000
125,async_propulate_abc,gaussian_mean,mu,-1.165802018513661,1205,2000
126,async_propulate_abc,gaussian_mean,mu,-3.078470093446904,1997,2000
127,async_propulate_abc,gaussian_mean,mu,1.6566887782861128,163,2000
128,async_propulate_abc,gaussian_mean,mu,3.347072026356308,377,2000
129,async_propulate_abc,gaussian_mean,mu,-0.0351250315996862,1386,2000
130,async_propulate_abc,gaussian_mean,mu,-3.351538669914817,1145,2000
131,async_propulate_abc,gaussian_mean,mu,4.944092336110696,1934,2000
132,async_propulate_abc,gaussian_mean,mu,1.6203721613773148,1081,2000
133,async_propulate_abc,gaussian_mean,mu,0.8846975476149659,297,2000
134,async_propulate_abc,gaussian_mean,mu,-1.8925392865392172,1382,2000
135,async_propulate_abc,gaussian_mean,mu,-1.5064858020808645,1682,2000
136,async_propulate_abc,gaussian_mean,mu,-3.046435639580689,401,2000
137,async_propulate_abc,gaussian_mean,mu,-2.8066408973834447,465,2000
138,async_propulate_abc,gaussian_mean,mu,-2.222564122432078,193,2000
139,async_propulate_abc,gaussian_mean,mu,-2.8070239763045493,1205,2000
140,async_propulate_abc,gaussian_mean,mu,-0.1134951533990813,853,2000
141,async_propulate_abc,gaussian_mean,mu,1.512829081757716,419,2000
142,async_propulate_abc,gaussian_mean,mu,2.126885472223787,1099,2000
143,async_propulate_abc,gaussian_mean,mu,2.8219421231287303,1753,2000
144,async_propulate_abc,gaussian_mean,mu,-0.8613428486633943,1464,2000
145,async_propulate_abc,gaussian_mean,mu,-1.6425064865720729,1260,2000
146,async_propulate_abc,gaussian_mean,mu,-2.9314432932725145,1926,2000
147,async_propulate_abc,gaussian_mean,mu,-1.9711189832605616,1980,2000
148,async_propulate_abc,gaussian_mean,mu,1.862134648140799,384,2000
149,async_propulate_abc,gaussian_mean,mu,-4.784960548997063,597,2000
150,async_propulate_abc,gaussian_mean,mu,-0.3837987146285391,912,2000
151,async_propulate_abc,gaussian_mean,mu,4.298342900284197,912,2000
152,async_propulate_abc,gaussian_mean,mu,-3.5108465124430124,1423,2000
153,async_propulate_abc,gaussian_mean,mu,-4.515070517239516,1152,2000
154,async_propulate_abc,gaussian_mean,mu,4.790734377389388,571,2000
155,async_propulate_abc,gaussian_mean,mu,-0.1065210044368765,1704,2000
156,async_propulate_abc,gaussian_mean,mu,2.5771050718307995,1917,2000
157,async_propulate_abc,gaussian_mean,mu,-1.3609178769761463,1176,2000
158,async_propulate_abc,gaussian_mean,mu,-4.13457226404633,1785,2000
159,async_propulate_abc,gaussian_mean,mu,-0.5169642199662068,833,2000
120,abc_smc_baseline,gaussian_mean,mu,-2.464657275250018,47,100
121,abc_smc_baseline,gaussian_mean,mu,-2.179907261113072,99,100
122,abc_smc_baseline,gaussian_mean,mu,1.3301311788357797,100,100
123,abc_smc_baseline,gaussian_mean,mu,4.595665411398088,81,100
124,abc_smc_baseline,gaussian_mean,mu,4.241590990718523,4,100
125,abc_smc_baseline,gaussian_mean,mu,-1.165802018513661,65,100
126,abc_smc_baseline,gaussian_mean,mu,-3.078470093446904,100,100
127,abc_smc_baseline,gaussian_mean,mu,1.6566887782861128,4,100
128,abc_smc_baseline,gaussian_mean,mu,3.347072026356308,16,100
129,abc_smc_baseline,gaussian_mean,mu,-0.0351250315996862,68,100
130,abc_smc_baseline,gaussian_mean,mu,-3.351538669914817,58,100
131,abc_smc_baseline,gaussian_mean,mu,4.944092336110696,93,100
132,abc_smc_baseline,gaussian_mean,mu,1.6203721613773148,45,100
133,abc_smc_baseline,gaussian_mean,mu,0.8846975476149659,17,100
134,abc_smc_baseline,gaussian_mean,mu,-1.8925392865392172,85,100
135,abc_smc_baseline,gaussian_mean,mu,-1.5064858020808645,89,100
136,abc_smc_baseline,gaussian_mean,mu,-3.046435639580689,9,100
137,abc_smc_baseline,gaussian_mean,mu,-2.8066408973834447,25,100
138,abc_smc_baseline,gaussian_mean,mu,-2.222564122432078,12,100
139,abc_smc_baseline,gaussian_mean,mu,-2.8070239763045493,75,100
140,abc_smc_baseline,gaussian_mean,mu,-0.1134951533990813,37,100
141,abc_smc_baseline,gaussian_mean,mu,1.512829081757716,15,100
142,abc_smc_baseline,gaussian_mean,mu,2.126885472223787,48,100
143,abc_smc_baseline,gaussian_mean,mu,2.8219421231287303,99,100
144,abc_smc_baseline,gaussian_mean,mu,-0.8613428486633943,76,100
145,abc_smc_baseline,gaussian_mean,mu,-1.6425064865720729,52,100
146,abc_smc_baseline,gaussian_mean,mu,-2.9314432932725145,95,100
147,abc_smc_baseline,gaussian_mean,mu,-1.9711189832605616,100,100
148,abc_smc_baseline,gaussian_mean,mu,1.862134648140799,11,100
149,abc_smc_baseline,gaussian_mean,mu,-4.784960548997063,28,100
150,abc_smc_baseline,gaussian_mean,mu,-0.3837987146285391,52,100
151,abc_smc_baseline,gaussian_mean,mu,4.298342900284197,45,100
152,abc_smc_baseline,gaussian_mean,mu,-3.5108465124430124,88,100
153,abc_smc_baseline,gaussian_mean,mu,-4.515070517239516,59,100
154,abc_smc_baseline,gaussian_mean,mu,4.790734377389388,15,100
155,abc_smc_baseline,gaussian_mean,mu,-0.1065210044368765,92,100
156,abc_smc_baseline,gaussian_mean,mu,2.5771050718307995,99,100
157,abc_smc_baseline,gaussian_mean,mu,-1.3609178769761463,68,100
158,abc_smc_baseline,gaussian_mean,mu,-4.13457226404633,99,100
159,abc_smc_baseline,gaussian_mean,mu,-0.5169642199662068,49,100
160,async_propulate_abc,gaussian_mean,mu,-1.3369835243932124,1003,2000
161,async_propulate_abc,gaussian_mean,mu,-1.1566366689829843,612,2000
162,async_propulate_abc,gaussian_mean,mu,3.2036074963944685,1151,2000
163,async_propulate_abc,gaussian_mean,mu,2.758703765134793,1570,2000
164,async_propulate_abc,gaussian_mean,mu,1.0623818304017965,1171,2000
165,async_propulate_abc,gaussian_mean,mu,-3.400065064588275,61,2000
166,async_propulate_abc,gaussian_mean,mu,3.161419127660965,1796,2000
167,async_propulate_abc,gaussian_mean,mu,-1.1205845470576268,1592,2000
168,async_propulate_abc,gaussian_mean,mu,3.998908349737583,639,2000
169,async_propulate_abc,gaussian_mean,mu,4.105121785083195,1778,2000
170,async_propulate_abc,gaussian_mean,mu,-1.9924651120169568,1865,2000
171,async_propulate_abc,gaussian_mean,mu,4.894949259280846,552,2000
172,async_propulate_abc,gaussian_mean,mu,0.910902906735334,1915,2000
173,async_propulate_abc,gaussian_mean,mu,0.5184182426867991,1533,2000
174,async_propulate_abc,gaussian_mean,mu,-1.363541081439296,1688,2000
175,async_propulate_abc,gaussian_mean,mu,-2.3271952843638988,1450,2000
176,async_propulate_abc,gaussian_mean,mu,-4.809026858009558,1114,2000
177,async_propulate_abc,gaussian_mean,mu,2.2815608713026325,202,2000
178,async_propulate_abc,gaussian_mean,mu,-4.193238403995593,1746,2000
179,async_propulate_abc,gaussian_mean,mu,4.572353353243889,1407,2000
180,async_propulate_abc,gaussian_mean,mu,3.5703321871421565,1010,2000
181,async_propulate_abc,gaussian_mean,mu,4.810508010773656,1188,2000
182,async_propulate_abc,gaussian_mean,mu,-0.1297953276282495,1341,2000
183,async_propulate_abc,gaussian_mean,mu,-0.9038516833602036,634,2000
184,async_propulate_abc,gaussian_mean,mu,2.3439815587471937,1554,2000
185,async_propulate_abc,gaussian_mean,mu,4.847866306227873,1088,2000
186,async_propulate_abc,gaussian_mean,mu,0.5198810136753815,377,2000
187,async_propulate_abc,gaussian_mean,mu,3.745898919296316,871,2000
188,async_propulate_abc,gaussian_mean,mu,2.187054759547236,1219,2000
189,async_propulate_abc,gaussian_mean,mu,3.0353575315748103,690,2000
190,async_propulate_abc,gaussian_mean,mu,-1.947581155107334,497,2000
191,async_propulate_abc,gaussian_mean,mu,-0.5957915960954976,1684,2000
192,async_propulate_abc,gaussian_mean,mu,-4.6395011841324525,65,2000
193,async_propulate_abc,gaussian_mean,mu,-4.133386127706182,1114,2000
194,async_propulate_abc,gaussian_mean,mu,0.2637863771848998,1994,2000
195,async_propulate_abc,gaussian_mean,mu,1.4668796714001662,1093,2000
196,async_propulate_abc,gaussian_mean,mu,4.543027973919514,757,2000
197,async_propulate_abc,gaussian_mean,mu,-2.804686425424272,1539,2000
198,async_propulate_abc,gaussian_mean,mu,-3.563452091378798,18,2000
199,async_propulate_abc,gaussian_mean,mu,2.236280623113088,1681,2000
160,abc_smc_baseline,gaussian_mean,mu,-1.3369835243932124,53,100
161,abc_smc_baseline,gaussian_mean,mu,-1.1566366689829843,13,100
162,abc_smc_baseline,gaussian_mean,mu,3.2036074963944685,67,100
163,abc_smc_baseline,gaussian_mean,mu,2.758703765134793,91,100
164,abc_smc_baseline,gaussian_mean,mu,1.0623818304017965,60,100
165,abc_smc_baseline,gaussian_mean,mu,-3.400065064588275,0,100
166,abc_smc_baseline,gaussian_mean,mu,3.161419127660965,99,100
167,abc_smc_baseline,gaussian_mean,mu,-1.1205845470576268,85,100
168,abc_smc_baseline,gaussian_mean,mu,3.998908349737583,17,100
169,abc_smc_baseline,gaussian_mean,mu,4.105121785083195,98,100
170,abc_smc_baseline,gaussian_mean,mu,-1.9924651120169568,93,100
171,abc_smc_baseline,gaussian_mean,mu,4.894949259280846,18,100
172,abc_smc_baseline,gaussian_mean,mu,0.910902906735334,96,100
173,abc_smc_baseline,gaussian_mean,mu,0.5184182426867991,84,100
174,abc_smc_baseline,gaussian_mean,mu,-1.363541081439296,97,100
175,abc_smc_baseline,gaussian_mean,mu,-2.3271952843638988,85,100
176,abc_smc_baseline,gaussian_mean,mu,-4.809026858009558,40,100
177,abc_smc_baseline,gaussian_mean,mu,2.2815608713026325,1,100
178,abc_smc_baseline,gaussian_mean,mu,-4.193238403995593,82,100
179,abc_smc_baseline,gaussian_mean,mu,4.572353353243889,77,100
180,abc_smc_baseline,gaussian_mean,mu,3.5703321871421565,49,100
181,abc_smc_baseline,gaussian_mean,mu,4.810508010773656,59,100
182,abc_smc_baseline,gaussian_mean,mu,-0.1297953276282495,90,100
183,abc_smc_baseline,gaussian_mean,mu,-0.9038516833602036,28,100
184,abc_smc_baseline,gaussian_mean,mu,2.3439815587471937,86,100
185,abc_smc_baseline,gaussian_mean,mu,4.847866306227873,53,100
186,abc_smc_baseline,gaussian_mean,mu,0.5198810136753815,7,100
187,abc_smc_baseline,gaussian_mean,mu,3.745898919296316,51,100
188,abc_smc_baseline,gaussian_mean,mu,2.187054759547236,73,100
189,abc_smc_baseline,gaussian_mean,mu,3.0353575315748103,30,100
190,abc_smc_baseline,gaussian_mean,mu,-1.947581155107334,14,100
191,abc_smc_baseline,gaussian_mean,mu,-0.5957915960954976,92,100
192,abc_smc_baseline,gaussian_mean,mu,-4.6395011841324525,1,100
193,abc_smc_baseline,gaussian_mean,mu,-4.133386127706182,68,100
194,abc_smc_baseline,gaussian_mean,mu,0.2637863771848998,98,100
195,abc_smc_baseline,gaussian_mean,mu,1.4668796714001662,64,100
196,abc_smc_baseline,gaussian_mean,mu,4.543027973919514,33,100
197,abc_smc_baseline,gaussian_mean,mu,-2.804686425424272,87,100
198,abc_smc_baseline,gaussian_mean,mu,-3.563452091378798,0,100
199,abc_smc_baseline,gaussian_mean,mu,2.236280623113088,94,100
200,async_propulate_abc,gaussian_mean,mu,2.4966286751159767,5,2000
201,async_propulate_abc,gaussian_mean,mu,0.8007469753410188,1022,2000
202,async_propulate_abc,gaussian_mean,mu,-0.5723297159523408,1972,2000
203,async_propulate_abc,gaussian_mean,mu,-0.5145966971529123,929,2000
204,async_propulate_abc,gaussian_mean,mu,4.831121878796985,1914,2000
205,async_propulate_abc,gaussian_mean,mu,-2.3396247116076663,1232,2000
206,async_propulate_abc,gaussian_mean,mu,2.187904625753614,1343,2000
207,async_propulate_abc,gaussian_mean,mu,3.565432825989572,403,2000
208,async_propulate_abc,gaussian_mean,mu,2.5350249595354155,239,2000
209,async_propulate_abc,gaussian_mean,mu,-0.4501523723465306,847,2000
210,async_propulate_abc,gaussian_mean,mu,-1.2929558725635415,849,2000
211,async_propulate_abc,gaussian_mean,mu,-0.6053086397651999,431,2000
212,async_propulate_abc,gaussian_mean,mu,-4.932111160436699,805,2000
213,async_propulate_abc,gaussian_mean,mu,3.83393659824436,1512,2000
214,async_propulate_abc,gaussian_mean,mu,-1.807365395041556,453,2000
215,async_propulate_abc,gaussian_mean,mu,3.891744169005193,878,2000
216,async_propulate_abc,gaussian_mean,mu,2.841271773265275,771,2000
217,async_propulate_abc,gaussian_mean,mu,-2.6050316524255868,924,2000
218,async_propulate_abc,gaussian_mean,mu,-3.8417747991962727,1442,2000
219,async_propulate_abc,gaussian_mean,mu,3.0231146511164546,726,2000
220,async_propulate_abc,gaussian_mean,mu,-3.482053138569845,1518,2000
221,async_propulate_abc,gaussian_mean,mu,4.509785855306429,210,2000
222,async_propulate_abc,gaussian_mean,mu,-4.218684098264143,1485,2000
223,async_propulate_abc,gaussian_mean,mu,2.9756145111201544,810,2000
224,async_propulate_abc,gaussian_mean,mu,3.389102445710368,586,2000
225,async_propulate_abc,gaussian_mean,mu,-1.7760344731857436,1671,2000
226,async_propulate_abc,gaussian_mean,mu,-0.489065553681046,1662,2000
227,async_propulate_abc,gaussian_mean,mu,1.8671313364248752,769,2000
228,async_propulate_abc,gaussian_mean,mu,0.5692154016287976,1584,2000
229,async_propulate_abc,gaussian_mean,mu,-3.3499651211354067,1440,2000
230,async_propulate_abc,gaussian_mean,mu,-3.9650472764080646,740,2000
231,async_propulate_abc,gaussian_mean,mu,1.005882336952447,1963,2000
232,async_propulate_abc,gaussian_mean,mu,-2.9995436979196564,1716,2000
233,async_propulate_abc,gaussian_mean,mu,0.583077346191506,499,2000
234,async_propulate_abc,gaussian_mean,mu,3.8419410875603415,1226,2000
235,async_propulate_abc,gaussian_mean,mu,3.1941644296866745,1500,2000
236,async_propulate_abc,gaussian_mean,mu,3.1016686593128444,1974,2000
237,async_propulate_abc,gaussian_mean,mu,-2.513284723405045,59,2000
238,async_propulate_abc,gaussian_mean,mu,2.7251502587953533,922,2000
239,async_propulate_abc,gaussian_mean,mu,-0.4372080079837106,602,2000
200,abc_smc_baseline,gaussian_mean,mu,2.4966286751159767,0,100
201,abc_smc_baseline,gaussian_mean,mu,0.8007469753410188,57,100
202,abc_smc_baseline,gaussian_mean,mu,-0.5723297159523408,100,100
203,abc_smc_baseline,gaussian_mean,mu,-0.5145966971529123,50,100
204,abc_smc_baseline,gaussian_mean,mu,4.831121878796985,100,100
205,abc_smc_baseline,gaussian_mean,mu,-2.3396247116076663,72,100
206,abc_smc_baseline,gaussian_mean,mu,2.187904625753614,76,100
207,abc_smc_baseline,gaussian_mean,mu,3.565432825989572,9,100
208,abc_smc_baseline,gaussian_mean,mu,2.5350249595354155,4,100
209,abc_smc_baseline,gaussian_mean,mu,-0.4501523723465306,53,100
210,abc_smc_baseline,gaussian_mean,mu,-1.2929558725635415,36,100
211,abc_smc_baseline,gaussian_mean,mu,-0.6053086397651999,14,100
212,abc_smc_baseline,gaussian_mean,mu,-4.932111160436699,55,100
213,abc_smc_baseline,gaussian_mean,mu,3.83393659824436,91,100
214,abc_smc_baseline,gaussian_mean,mu,-1.807365395041556,23,100
215,abc_smc_baseline,gaussian_mean,mu,3.891744169005193,45,100
216,abc_smc_baseline,gaussian_mean,mu,2.841271773265275,29,100
217,abc_smc_baseline,gaussian_mean,mu,-2.6050316524255868,32,100
218,abc_smc_baseline,gaussian_mean,mu,-3.8417747991962727,77,100
219,abc_smc_baseline,gaussian_mean,mu,3.0231146511164546,15,100
220,abc_smc_baseline,gaussian_mean,mu,-3.482053138569845,79,100
221,abc_smc_baseline,gaussian_mean,mu,4.509785855306429,18,100
222,abc_smc_baseline,gaussian_mean,mu,-4.218684098264143,81,100
223,abc_smc_baseline,gaussian_mean,mu,2.9756145111201544,38,100
224,abc_smc_baseline,gaussian_mean,mu,3.389102445710368,16,100
225,abc_smc_baseline,gaussian_mean,mu,-1.7760344731857436,96,100
226,abc_smc_baseline,gaussian_mean,mu,-0.489065553681046,96,100
227,abc_smc_baseline,gaussian_mean,mu,1.8671313364248752,30,100
228,abc_smc_baseline,gaussian_mean,mu,0.5692154016287976,93,100
229,abc_smc_baseline,gaussian_mean,mu,-3.3499651211354067,79,100
230,abc_smc_baseline,gaussian_mean,mu,-3.9650472764080646,27,100
231,abc_smc_baseline,gaussian_mean,mu,1.005882336952447,100,100
232,abc_smc_baseline,gaussian_mean,mu,-2.9995436979196564,89,100
233,abc_smc_baseline,gaussian_mean,mu,0.583077346191506,18,100
234,abc_smc_baseline,gaussian_mean,mu,3.8419410875603415,70,100
235,abc_smc_baseline,gaussian_mean,mu,3.1941644296866745,85,100
236,abc_smc_baseline,gaussian_mean,mu,3.1016686593128444,100,100
237,abc_smc_baseline,gaussian_mean,mu,-2.513284723405045,1,100
238,abc_smc_baseline,gaussian_mean,mu,2.7251502587953533,46,100
239,abc_smc_baseline,gaussian_mean,mu,-0.4372080079837106,29,100
240,async_propulate_abc,gaussian_mean,mu,3.328450389226552,1645,2000
241,async_propulate_abc,gaussian_mean,mu,-1.1728417721455775,457,2000
242,async_propulate_abc,gaussian_mean,mu,-4.368492756752084,574,2000
243,async_propulate_abc,gaussian_mean,mu,-3.7945678515532633,1345,2000
244,async_propulate_abc,gaussian_mean,mu,-3.904781221784659,1787,2000
245,async_propulate_abc,gaussian_mean,mu,4.663985497030144,968,2000
246,async_propulate_abc,gaussian_mean,mu,-0.7098002024872594,1253,2000
247,async_propulate_abc,gaussian_mean,mu,-3.425942032719612,825,2000
248,async_propulate_abc,gaussian_mean,mu,4.38542156416028,1184,2000
249,async_propulate_abc,gaussian_mean,mu,-4.2980633876803855,478,2000
250,async_propulate_abc,gaussian_mean,mu,-4.365676297218154,972,2000
251,async_propulate_abc,gaussian_mean,mu,1.5641575386774154,1675,2000
252,async_propulate_abc,gaussian_mean,mu,-4.944502245020543,738,2000
253,async_propulate_abc,gaussian_mean,mu,-3.78425622338612,752,2000
254,async_propulate_abc,gaussian_mean,mu,-4.086658325235844,1497,2000
255,async_propulate_abc,gaussian_mean,mu,-4.904485383769016,473,2000
256,async_propulate_abc,gaussian_mean,mu,-0.3657778801946554,325,2000
257,async_propulate_abc,gaussian_mean,mu,0.2535784926218927,1760,2000
258,async_propulate_abc,gaussian_mean,mu,0.2352028337624103,1332,2000
259,async_propulate_abc,gaussian_mean,mu,0.2249206704531978,1418,2000
260,async_propulate_abc,gaussian_mean,mu,0.5146880916770646,1813,2000
261,async_propulate_abc,gaussian_mean,mu,2.273064733478577,1953,2000
262,async_propulate_abc,gaussian_mean,mu,-4.697124677366098,1643,2000
263,async_propulate_abc,gaussian_mean,mu,-3.66396845432159,1160,2000
264,async_propulate_abc,gaussian_mean,mu,0.0899588471347758,196,2000
265,async_propulate_abc,gaussian_mean,mu,-1.2719686989067005,1422,2000
266,async_propulate_abc,gaussian_mean,mu,-4.253277370067829,465,2000
267,async_propulate_abc,gaussian_mean,mu,3.9460604710104334,1489,2000
268,async_propulate_abc,gaussian_mean,mu,1.7558959099687543,291,2000
269,async_propulate_abc,gaussian_mean,mu,0.5289812808192327,774,2000
270,async_propulate_abc,gaussian_mean,mu,4.375932654394955,162,2000
271,async_propulate_abc,gaussian_mean,mu,-3.095392572071428,1002,2000
272,async_propulate_abc,gaussian_mean,mu,-0.7719004873983355,851,2000
273,async_propulate_abc,gaussian_mean,mu,4.722978176381202,340,2000
274,async_propulate_abc,gaussian_mean,mu,-0.2138203584378581,1557,2000
275,async_propulate_abc,gaussian_mean,mu,-4.304761620592046,1816,2000
276,async_propulate_abc,gaussian_mean,mu,-0.3044350739707173,1370,2000
277,async_propulate_abc,gaussian_mean,mu,-3.58333525466223,977,2000
278,async_propulate_abc,gaussian_mean,mu,2.074198691530542,368,2000
279,async_propulate_abc,gaussian_mean,mu,-2.466332364169811,1132,2000
240,abc_smc_baseline,gaussian_mean,mu,3.328450389226552,93,100
241,abc_smc_baseline,gaussian_mean,mu,-1.1728417721455775,28,100
242,abc_smc_baseline,gaussian_mean,mu,-4.368492756752084,19,100
243,abc_smc_baseline,gaussian_mean,mu,-3.7945678515532633,71,100
244,abc_smc_baseline,gaussian_mean,mu,-3.904781221784659,90,100
245,abc_smc_baseline,gaussian_mean,mu,4.663985497030144,58,100
246,abc_smc_baseline,gaussian_mean,mu,-0.7098002024872594,60,100
247,abc_smc_baseline,gaussian_mean,mu,-3.425942032719612,43,100
248,abc_smc_baseline,gaussian_mean,mu,4.38542156416028,56,100
249,abc_smc_baseline,gaussian_mean,mu,-4.2980633876803855,22,100
250,abc_smc_baseline,gaussian_mean,mu,-4.365676297218154,47,100
251,abc_smc_baseline,gaussian_mean,mu,1.5641575386774154,86,100
252,abc_smc_baseline,gaussian_mean,mu,-4.944502245020543,39,100
253,abc_smc_baseline,gaussian_mean,mu,-3.78425622338612,42,100
254,abc_smc_baseline,gaussian_mean,mu,-4.086658325235844,70,100
255,abc_smc_baseline,gaussian_mean,mu,-4.904485383769016,18,100
256,abc_smc_baseline,gaussian_mean,mu,-0.3657778801946554,5,100
257,abc_smc_baseline,gaussian_mean,mu,0.2535784926218927,96,100
258,abc_smc_baseline,gaussian_mean,mu,0.2352028337624103,80,100
259,abc_smc_baseline,gaussian_mean,mu,0.2249206704531978,76,100
260,abc_smc_baseline,gaussian_mean,mu,0.5146880916770646,93,100
261,abc_smc_baseline,gaussian_mean,mu,2.273064733478577,100,100
262,abc_smc_baseline,gaussian_mean,mu,-4.697124677366098,87,100
263,abc_smc_baseline,gaussian_mean,mu,-3.66396845432159,70,100
264,abc_smc_baseline,gaussian_mean,mu,0.0899588471347758,0,100
265,abc_smc_baseline,gaussian_mean,mu,-1.2719686989067005,74,100
266,abc_smc_baseline,gaussian_mean,mu,-4.253277370067829,13,100
267,abc_smc_baseline,gaussian_mean,mu,3.9460604710104334,72,100
268,abc_smc_baseline,gaussian_mean,mu,1.7558959099687543,11,100
269,abc_smc_baseline,gaussian_mean,mu,0.5289812808192327,38,100
270,abc_smc_baseline,gaussian_mean,mu,4.375932654394955,0,100
271,abc_smc_baseline,gaussian_mean,mu,-3.095392572071428,69,100
272,abc_smc_baseline,gaussian_mean,mu,-0.7719004873983355,37,100
273,abc_smc_baseline,gaussian_mean,mu,4.722978176381202,4,100
274,abc_smc_baseline,gaussian_mean,mu,-0.2138203584378581,91,100
275,abc_smc_baseline,gaussian_mean,mu,-4.304761620592046,99,100
276,abc_smc_baseline,gaussian_mean,mu,-0.3044350739707173,70,100
277,abc_smc_baseline,gaussian_mean,mu,-3.58333525466223,48,100
278,abc_smc_baseline,gaussian_mean,mu,2.074198691530542,8,100
279,abc_smc_baseline,gaussian_mean,mu,-2.466332364169811,61,100
280,async_propulate_abc,gaussian_mean,mu,1.2638901124883164,595,2000
281,async_propulate_abc,gaussian_mean,mu,-1.0577394120258687,759,2000
282,async_propulate_abc,gaussian_mean,mu,0.1082158446694805,1068,2000
283,async_propulate_abc,gaussian_mean,mu,-2.061764865759621,1292,2000
284,async_propulate_abc,gaussian_mean,mu,2.6686237898622664,1462,2000
285,async_propulate_abc,gaussian_mean,mu,-0.0549410593302308,145,2000
286,async_propulate_abc,gaussian_mean,mu,3.5493136232286755,1568,2000
287,async_propulate_abc,gaussian_mean,mu,-1.1849471922590906,148,2000
288,async_propulate_abc,gaussian_mean,mu,-3.790315788294727,510,2000
289,async_propulate_abc,gaussian_mean,mu,-1.4416644752016952,506,2000
290,async_propulate_abc,gaussian_mean,mu,0.3823579747256183,1082,2000
291,async_propulate_abc,gaussian_mean,mu,2.3474026099990164,1368,2000
292,async_propulate_abc,gaussian_mean,mu,-2.0581914284058955,1116,2000
293,async_propulate_abc,gaussian_mean,mu,2.813672169364648,989,2000
294,async_propulate_abc,gaussian_mean,mu,4.147327646479015,1225,2000
295,async_propulate_abc,gaussian_mean,mu,3.364352784008304,891,2000
296,async_propulate_abc,gaussian_mean,mu,4.250007958682836,1295,2000
297,async_propulate_abc,gaussian_mean,mu,-1.9167209715752824,428,2000
298,async_propulate_abc,gaussian_mean,mu,-2.019334384355246,950,2000
299,async_propulate_abc,gaussian_mean,mu,0.5784916102427573,1058,2000
300,async_propulate_abc,gaussian_mean,mu,2.466512661048876,1198,2000
301,async_propulate_abc,gaussian_mean,mu,0.0351384320109282,835,2000
302,async_propulate_abc,gaussian_mean,mu,4.5344919144945095,228,2000
303,async_propulate_abc,gaussian_mean,mu,2.995816000860291,1427,2000
304,async_propulate_abc,gaussian_mean,mu,-1.2261642294829145,691,2000
305,async_propulate_abc,gaussian_mean,mu,1.998638725164791,1393,2000
306,async_propulate_abc,gaussian_mean,mu,1.5644112674122503,1511,2000
307,async_propulate_abc,gaussian_mean,mu,-0.3156411659324245,228,2000
308,async_propulate_abc,gaussian_mean,mu,-4.407521301241219,1488,2000
309,async_propulate_abc,gaussian_mean,mu,1.6523456122206346,1154,2000
310,async_propulate_abc,gaussian_mean,mu,3.1747834638685912,1816,2000
311,async_propulate_abc,gaussian_mean,mu,-0.8848383198141354,673,2000
312,async_propulate_abc,gaussian_mean,mu,-2.8260566179950954,233,2000
313,async_propulate_abc,gaussian_mean,mu,3.950192672907644,1062,2000
314,async_propulate_abc,gaussian_mean,mu,1.293869130123186,982,2000
315,async_propulate_abc,gaussian_mean,mu,4.244785482114668,1070,2000
316,async_propulate_abc,gaussian_mean,mu,-0.320271937989415,1170,2000
317,async_propulate_abc,gaussian_mean,mu,4.406264863291744,558,2000
318,async_propulate_abc,gaussian_mean,mu,-0.5331314148931776,1192,2000
319,async_propulate_abc,gaussian_mean,mu,-4.350889425936924,653,2000
280,abc_smc_baseline,gaussian_mean,mu,1.2638901124883164,14,100
281,abc_smc_baseline,gaussian_mean,mu,-1.0577394120258687,24,100
282,abc_smc_baseline,gaussian_mean,mu,0.1082158446694805,48,100
283,abc_smc_baseline,gaussian_mean,mu,-2.061764865759621,80,100
284,abc_smc_baseline,gaussian_mean,mu,2.6686237898622664,71,100
285,abc_smc_baseline,gaussian_mean,mu,-0.0549410593302308,0,100
286,abc_smc_baseline,gaussian_mean,mu,3.5493136232286755,78,100
287,abc_smc_baseline,gaussian_mean,mu,-1.1849471922590906,1,100
288,abc_smc_baseline,gaussian_mean,mu,-3.790315788294727,20,100
289,abc_smc_baseline,gaussian_mean,mu,-1.4416644752016952,31,100
290,abc_smc_baseline,gaussian_mean,mu,0.3823579747256183,39,100
291,abc_smc_baseline,gaussian_mean,mu,2.3474026099990164,74,100
292,abc_smc_baseline,gaussian_mean,mu,-2.0581914284058955,79,100
293,abc_smc_baseline,gaussian_mean,mu,2.813672169364648,62,100
294,abc_smc_baseline,gaussian_mean,mu,4.147327646479015,65,100
295,abc_smc_baseline,gaussian_mean,mu,3.364352784008304,45,100
296,abc_smc_baseline,gaussian_mean,mu,4.250007958682836,62,100
297,abc_smc_baseline,gaussian_mean,mu,-1.9167209715752824,12,100
298,abc_smc_baseline,gaussian_mean,mu,-2.019334384355246,61,100
299,abc_smc_baseline,gaussian_mean,mu,0.5784916102427573,59,100
300,abc_smc_baseline,gaussian_mean,mu,2.466512661048876,82,100
301,abc_smc_baseline,gaussian_mean,mu,0.0351384320109282,31,100
302,abc_smc_baseline,gaussian_mean,mu,4.5344919144945095,5,100
303,abc_smc_baseline,gaussian_mean,mu,2.995816000860291,82,100
304,abc_smc_baseline,gaussian_mean,mu,-1.2261642294829145,23,100
305,abc_smc_baseline,gaussian_mean,mu,1.998638725164791,68,100
306,abc_smc_baseline,gaussian_mean,mu,1.5644112674122503,85,100
307,abc_smc_baseline,gaussian_mean,mu,-0.3156411659324245,25,100
308,abc_smc_baseline,gaussian_mean,mu,-4.407521301241219,84,100
309,abc_smc_baseline,gaussian_mean,mu,1.6523456122206346,41,100
310,abc_smc_baseline,gaussian_mean,mu,3.1747834638685912,97,100
311,abc_smc_baseline,gaussian_mean,mu,-0.8848383198141354,16,100
312,abc_smc_baseline,gaussian_mean,mu,-2.8260566179950954,3,100
313,abc_smc_baseline,gaussian_mean,mu,3.950192672907644,38,100
314,abc_smc_baseline,gaussian_mean,mu,1.293869130123186,58,100
315,abc_smc_baseline,gaussian_mean,mu,4.244785482114668,41,100
316,abc_smc_baseline,gaussian_mean,mu,-0.320271937989415,66,100
317,abc_smc_baseline,gaussian_mean,mu,4.406264863291744,14,100
318,abc_smc_baseline,gaussian_mean,mu,-0.5331314148931776,52,100
319,abc_smc_baseline,gaussian_mean,mu,-4.350889425936924,30,100
320,async_propulate_abc,gaussian_mean,mu,0.0585129049245471,1980,2000
321,async_propulate_abc,gaussian_mean,mu,-0.0467496789411256,86,2000
322,async_propulate_abc,gaussian_mean,mu,4.187806358881513,1694,2000
323,async_propulate_abc,gaussian_mean,mu,-0.4781054537355587,11,2000
324,async_propulate_abc,gaussian_mean,mu,-1.639516242357828,1962,2000
325,async_propulate_abc,gaussian_mean,mu,-4.481587103438644,1109,2000
326,async_propulate_abc,gaussian_mean,mu,2.4800967840473493,1972,2000
327,async_propulate_abc,gaussian_mean,mu,-2.818637915993516,264,2000
328,async_propulate_abc,gaussian_mean,mu,-0.7708935897591038,264,2000
329,async_propulate_abc,gaussian_mean,mu,-3.294686612251978,826,2000
330,async_propulate_abc,gaussian_mean,mu,2.774520194954797,234,2000
331,async_propulate_abc,gaussian_mean,mu,-0.4230856796480591,1261,2000
332,async_propulate_abc,gaussian_mean,mu,-1.325879596390782,827,2000
333,async_propulate_abc,gaussian_mean,mu,-2.4473610740870844,527,2000
334,async_propulate_abc,gaussian_mean,mu,0.8475950264029439,634,2000
335,async_propulate_abc,gaussian_mean,mu,-3.974906174766605,354,2000
336,async_propulate_abc,gaussian_mean,mu,-3.725541745533368,405,2000
337,async_propulate_abc,gaussian_mean,mu,-1.300416578949246,66,2000
338,async_propulate_abc,gaussian_mean,mu,4.202079090925345,152,2000
339,async_propulate_abc,gaussian_mean,mu,3.2610857389394,653,2000
340,async_propulate_abc,gaussian_mean,mu,4.363291067462422,151,2000
341,async_propulate_abc,gaussian_mean,mu,-1.4211634665762962,1299,2000
342,async_propulate_abc,gaussian_mean,mu,-1.4248682972751436,1498,2000
343,async_propulate_abc,gaussian_mean,mu,4.399603367117498,977,2000
344,async_propulate_abc,gaussian_mean,mu,-2.4723024243307967,862,2000
345,async_propulate_abc,gaussian_mean,mu,-0.1744770891098968,603,2000
346,async_propulate_abc,gaussian_mean,mu,-2.0896273303749915,713,2000
347,async_propulate_abc,gaussian_mean,mu,-3.741700901692422,374,2000
348,async_propulate_abc,gaussian_mean,mu,4.004016365154332,925,2000
349,async_propulate_abc,gaussian_mean,mu,-4.439202556339335,167,2000
350,async_propulate_abc,gaussian_mean,mu,-3.80359954203054,1609,2000
351,async_propulate_abc,gaussian_mean,mu,-4.093803055329296,1326,2000
352,async_propulate_abc,gaussian_mean,mu,-3.9263539916426895,779,2000
353,async_propulate_abc,gaussian_mean,mu,1.2989047593370495,368,2000
354,async_propulate_abc,gaussian_mean,mu,-2.4139696028546584,1657,2000
355,async_propulate_abc,gaussian_mean,mu,-3.2556684313534845,1188,2000
356,async_propulate_abc,gaussian_mean,mu,4.0369288590942105,1492,2000
357,async_propulate_abc,gaussian_mean,mu,-0.4678607963287895,1625,2000
358,async_propulate_abc,gaussian_mean,mu,0.2718519682666187,1651,2000
359,async_propulate_abc,gaussian_mean,mu,-3.747738264998337,1344,2000
320,abc_smc_baseline,gaussian_mean,mu,0.0585129049245471,100,100
321,abc_smc_baseline,gaussian_mean,mu,-0.0467496789411256,0,100
322,abc_smc_baseline,gaussian_mean,mu,4.187806358881513,96,100
323,abc_smc_baseline,gaussian_mean,mu,-0.4781054537355587,1,100
324,abc_smc_baseline,gaussian_mean,mu,-1.639516242357828,95,100
325,abc_smc_baseline,gaussian_mean,mu,-4.481587103438644,64,100
326,abc_smc_baseline,gaussian_mean,mu,2.4800967840473493,99,100
327,abc_smc_baseline,gaussian_mean,mu,-2.818637915993516,4,100
328,abc_smc_baseline,gaussian_mean,mu,-0.7708935897591038,5,100
329,abc_smc_baseline,gaussian_mean,mu,-3.294686612251978,30,100
330,abc_smc_baseline,gaussian_mean,mu,2.774520194954797,7,100
331,abc_smc_baseline,gaussian_mean,mu,-0.4230856796480591,62,100
332,abc_smc_baseline,gaussian_mean,mu,-1.325879596390782,55,100
333,abc_smc_baseline,gaussian_mean,mu,-2.4473610740870844,19,100
334,abc_smc_baseline,gaussian_mean,mu,0.8475950264029439,32,100
335,abc_smc_baseline,gaussian_mean,mu,-3.974906174766605,12,100
336,abc_smc_baseline,gaussian_mean,mu,-3.725541745533368,25,100
337,abc_smc_baseline,gaussian_mean,mu,-1.300416578949246,0,100
338,abc_smc_baseline,gaussian_mean,mu,4.202079090925345,0,100
339,abc_smc_baseline,gaussian_mean,mu,3.2610857389394,29,100
340,abc_smc_baseline,gaussian_mean,mu,4.363291067462422,1,100
341,abc_smc_baseline,gaussian_mean,mu,-1.4211634665762962,64,100
342,abc_smc_baseline,gaussian_mean,mu,-1.4248682972751436,82,100
343,abc_smc_baseline,gaussian_mean,mu,4.399603367117498,46,100
344,abc_smc_baseline,gaussian_mean,mu,-2.4723024243307967,35,100
345,abc_smc_baseline,gaussian_mean,mu,-0.1744770891098968,21,100
346,abc_smc_baseline,gaussian_mean,mu,-2.0896273303749915,18,100
347,abc_smc_baseline,gaussian_mean,mu,-3.741700901692422,4,100
348,abc_smc_baseline,gaussian_mean,mu,4.004016365154332,36,100
349,abc_smc_baseline,gaussian_mean,mu,-4.439202556339335,0,100
350,abc_smc_baseline,gaussian_mean,mu,-3.80359954203054,88,100
351,abc_smc_baseline,gaussian_mean,mu,-4.093803055329296,74,100
352,abc_smc_baseline,gaussian_mean,mu,-3.9263539916426895,38,100
353,abc_smc_baseline,gaussian_mean,mu,1.2989047593370495,23,100
354,abc_smc_baseline,gaussian_mean,mu,-2.4139696028546584,86,100
355,abc_smc_baseline,gaussian_mean,mu,-3.2556684313534845,58,100
356,abc_smc_baseline,gaussian_mean,mu,4.0369288590942105,81,100
357,abc_smc_baseline,gaussian_mean,mu,-0.4678607963287895,91,100
358,abc_smc_baseline,gaussian_mean,mu,0.2718519682666187,90,100
359,abc_smc_baseline,gaussian_mean,mu,-3.747738264998337,73,100
360,async_propulate_abc,gaussian_mean,mu,3.192937880178894,1307,2000
361,async_propulate_abc,gaussian_mean,mu,-0.4410167042760378,545,2000
362,async_propulate_abc,gaussian_mean,mu,-2.5302385924553485,685,2000
363,async_propulate_abc,gaussian_mean,mu,4.910017210712216,1027,2000
364,async_propulate_abc,gaussian_mean,mu,4.150017805294379,973,2000
365,async_propulate_abc,gaussian_mean,mu,0.5482825470522901,1662,2000
366,async_propulate_abc,gaussian_mean,mu,-3.9229143709909855,990,2000
367,async_propulate_abc,gaussian_mean,mu,-4.2447618480118745,1876,2000
368,async_propulate_abc,gaussian_mean,mu,3.020043460164299,293,2000
369,async_propulate_abc,gaussian_mean,mu,-4.113728631449859,1495,2000
370,async_propulate_abc,gaussian_mean,mu,0.3704941660784167,800,2000
371,async_propulate_abc,gaussian_mean,mu,-4.663701963695036,429,2000
372,async_propulate_abc,gaussian_mean,mu,1.9619674536393648,1331,2000
373,async_propulate_abc,gaussian_mean,mu,-1.7715105073300608,822,2000
374,async_propulate_abc,gaussian_mean,mu,4.715687760020352,0,2000
375,async_propulate_abc,gaussian_mean,mu,-0.0785136582366217,456,2000
376,async_propulate_abc,gaussian_mean,mu,-1.6069483049735522,1031,2000
377,async_propulate_abc,gaussian_mean,mu,2.2023461875789065,909,2000
378,async_propulate_abc,gaussian_mean,mu,0.0718145829956249,1945,2000
379,async_propulate_abc,gaussian_mean,mu,4.849905564571028,1410,2000
380,async_propulate_abc,gaussian_mean,mu,0.8481988689205542,1421,2000
381,async_propulate_abc,gaussian_mean,mu,-3.163211773076239,1631,2000
382,async_propulate_abc,gaussian_mean,mu,-3.30020432726553,1114,2000
383,async_propulate_abc,gaussian_mean,mu,-1.8478529950369904,333,2000
384,async_propulate_abc,gaussian_mean,mu,0.1662953356232321,1216,2000
385,async_propulate_abc,gaussian_mean,mu,2.216273609737814,403,2000
386,async_propulate_abc,gaussian_mean,mu,-0.9383455426895626,1935,2000
387,async_propulate_abc,gaussian_mean,mu,2.4214886818338157,73,2000
388,async_propulate_abc,gaussian_mean,mu,4.706221059131773,1731,2000
389,async_propulate_abc,gaussian_mean,mu,-4.629798101312711,526,2000
390,async_propulate_abc,gaussian_mean,mu,0.2386059903476889,469,2000
391,async_propulate_abc,gaussian_mean,mu,-2.682852851544712,5,2000
392,async_propulate_abc,gaussian_mean,mu,1.5565589921009346,66,2000
393,async_propulate_abc,gaussian_mean,mu,-4.220694974005666,1439,2000
394,async_propulate_abc,gaussian_mean,mu,1.3515048424299645,1276,2000
395,async_propulate_abc,gaussian_mean,mu,-3.678003373881178,575,2000
396,async_propulate_abc,gaussian_mean,mu,-4.734290927157227,1806,2000
397,async_propulate_abc,gaussian_mean,mu,-2.585081223168446,2000,2000
398,async_propulate_abc,gaussian_mean,mu,2.853072914216063,347,2000
399,async_propulate_abc,gaussian_mean,mu,-2.7920838782835125,1739,2000
360,abc_smc_baseline,gaussian_mean,mu,3.192937880178894,67,100
361,abc_smc_baseline,gaussian_mean,mu,-0.4410167042760378,7,100
362,abc_smc_baseline,gaussian_mean,mu,-2.5302385924553485,34,100
363,abc_smc_baseline,gaussian_mean,mu,4.910017210712216,53,100
364,abc_smc_baseline,gaussian_mean,mu,4.150017805294379,60,100
365,abc_smc_baseline,gaussian_mean,mu,0.5482825470522901,94,100
366,abc_smc_baseline,gaussian_mean,mu,-3.9229143709909855,45,100
367,abc_smc_baseline,gaussian_mean,mu,-4.2447618480118745,97,100
368,abc_smc_baseline,gaussian_mean,mu,3.020043460164299,4,100
369,abc_smc_baseline,gaussian_mean,mu,-4.113728631449859,83,100
370,abc_smc_baseline,gaussian_mean,mu,0.3704941660784167,28,100
371,abc_smc_baseline,gaussian_mean,mu,-4.663701963695036,14,100
372,abc_smc_baseline,gaussian_mean,mu,1.9619674536393648,65,100
373,abc_smc_baseline,gaussian_mean,mu,-1.7715105073300608,37,100
374,abc_smc_baseline,gaussian_mean,mu,4.715687760020352,0,100
375,abc_smc_baseline,gaussian_mean,mu,-0.0785136582366217,16,100
376,abc_smc_baseline,gaussian_mean,mu,-1.6069483049735522,75,100
377,abc_smc_baseline,gaussian_mean,mu,2.2023461875789065,27,100
378,abc_smc_baseline,gaussian_mean,mu,0.0718145829956249,96,100
379,abc_smc_baseline,gaussian_mean,mu,4.849905564571028,89,100
380,abc_smc_baseline,gaussian_mean,mu,0.8481988689205542,83,100
381,abc_smc_baseline,gaussian_mean,mu,-3.163211773076239,84,100
382,abc_smc_baseline,gaussian_mean,mu,-3.30020432726553,68,100
383,abc_smc_baseline,gaussian_mean,mu,-1.8478529950369904,4,100
384,abc_smc_baseline,gaussian_mean,mu,0.1662953356232321,63,100
385,abc_smc_baseline,gaussian_mean,mu,2.216273609737814,16,100
386,abc_smc_baseline,gaussian_mean,mu,-0.9383455426895626,97,100
387,abc_smc_baseline,gaussian_mean,mu,2.4214886818338157,0,100
388,abc_smc_baseline,gaussian_mean,mu,4.706221059131773,100,100
389,abc_smc_baseline,gaussian_mean,mu,-4.629798101312711,16,100
390,abc_smc_baseline,gaussian_mean,mu,0.2386059903476889,24,100
391,abc_smc_baseline,gaussian_mean,mu,-2.682852851544712,0,100
392,abc_smc_baseline,gaussian_mean,mu,1.5565589921009346,0,100
393,abc_smc_baseline,gaussian_mean,mu,-4.220694974005666,78,100
394,abc_smc_baseline,gaussian_mean,mu,1.3515048424299645,78,100
395,abc_smc_baseline,gaussian_mean,mu,-3.678003373881178,20,100
396,abc_smc_baseline,gaussian_mean,mu,-4.734290927157227,90,100
397,abc_smc_baseline,gaussian_mean,mu,-2.585081223168446,100,100
398,abc_smc_baseline,gaussian_mean,mu,2.853072914216063,8,100
399,abc_smc_baseline,gaussian_mean,mu,-2.7920838782835125,93,100
400,async_propulate_abc,gaussian_mean,mu,-1.4930374008544822,1004,2000
401,async_propulate_abc,gaussian_mean,mu,2.7132678355840447,955,2000
402,async_propulate_abc,gaussian_mean,mu,3.3650571913124985,815,2000
403,async_propulate_abc,gaussian_mean,mu,-1.6067581275106213,578,2000
404,async_propulate_abc,gaussian_mean,mu,-1.6681339638134798,819,2000
405,async_propulate_abc,gaussian_mean,mu,2.42423312778336,1733,2000
406,async_propulate_abc,gaussian_mean,mu,-2.196248790303783,947,2000
407,async_propulate_abc,gaussian_mean,mu,-2.4197894936901343,203,2000
408,async_propulate_abc,gaussian_mean,mu,-1.0832673599585796,1498,2000
409,async_propulate_abc,gaussian_mean,mu,-1.5603277524723185,104,2000
410,async_propulate_abc,gaussian_mean,mu,-3.7587515766108326,1810,2000
411,async_propulate_abc,gaussian_mean,mu,1.4490340289124335,781,2000
412,async_propulate_abc,gaussian_mean,mu,1.9845395184506571,1446,2000
413,async_propulate_abc,gaussian_mean,mu,-1.8975309892001049,460,2000
414,async_propulate_abc,gaussian_mean,mu,0.096899578093935,931,2000
415,async_propulate_abc,gaussian_mean,mu,3.506146045320712,1911,2000
416,async_propulate_abc,gaussian_mean,mu,-3.938920834065064,364,2000
417,async_propulate_abc,gaussian_mean,mu,-3.966401999906168,1040,2000
418,async_propulate_abc,gaussian_mean,mu,-4.376747608731489,1385,2000
419,async_propulate_abc,gaussian_mean,mu,2.7357228302344456,162,2000
420,async_propulate_abc,gaussian_mean,mu,-4.5892230662765,207,2000
421,async_propulate_abc,gaussian_mean,mu,4.951738105713021,1157,2000
422,async_propulate_abc,gaussian_mean,mu,-4.594287969887444,949,2000
423,async_propulate_abc,gaussian_mean,mu,1.6430456591429703,520,2000
424,async_propulate_abc,gaussian_mean,mu,-2.6096592072115032,1903,2000
425,async_propulate_abc,gaussian_mean,mu,2.399474464442973,1756,2000
426,async_propulate_abc,gaussian_mean,mu,0.3333025052093452,317,2000
427,async_propulate_abc,gaussian_mean,mu,0.371848677510024,1103,2000
428,async_propulate_abc,gaussian_mean,mu,-1.3309479981598615,1801,2000
429,async_propulate_abc,gaussian_mean,mu,-0.2969800614226265,179,2000
430,async_propulate_abc,gaussian_mean,mu,-1.3755195885919882,1351,2000
431,async_propulate_abc,gaussian_mean,mu,-0.7760974090338113,1762,2000
432,async_propulate_abc,gaussian_mean,mu,4.082449677322648,395,2000
433,async_propulate_abc,gaussian_mean,mu,4.761881164297954,1700,2000
434,async_propulate_abc,gaussian_mean,mu,-4.449425514238815,852,2000
435,async_propulate_abc,gaussian_mean,mu,1.6961630434389967,741,2000
436,async_propulate_abc,gaussian_mean,mu,-2.3529735348721568,292,2000
437,async_propulate_abc,gaussian_mean,mu,-0.8594778112353971,1554,2000
438,async_propulate_abc,gaussian_mean,mu,1.0907078616688892,1805,2000
439,async_propulate_abc,gaussian_mean,mu,4.054032138099348,1411,2000
400,abc_smc_baseline,gaussian_mean,mu,-1.4930374008544822,49,100
401,abc_smc_baseline,gaussian_mean,mu,2.7132678355840447,35,100
402,abc_smc_baseline,gaussian_mean,mu,3.3650571913124985,37,100
403,abc_smc_baseline,gaussian_mean,mu,-1.6067581275106213,20,100
404,abc_smc_baseline,gaussian_mean,mu,-1.6681339638134798,37,100
405,abc_smc_baseline,gaussian_mean,mu,2.42423312778336,88,100
406,abc_smc_baseline,gaussian_mean,mu,-2.196248790303783,50,100
407,abc_smc_baseline,gaussian_mean,mu,-2.4197894936901343,0,100
408,abc_smc_baseline,gaussian_mean,mu,-1.0832673599585796,87,100
409,abc_smc_baseline,gaussian_mean,mu,-1.5603277524723185,4,100
410,abc_smc_baseline,gaussian_mean,mu,-3.7587515766108326,99,100
411,abc_smc_baseline,gaussian_mean,mu,1.4490340289124335,26,100
412,abc_smc_baseline,gaussian_mean,mu,1.9845395184506571,87,100
413,abc_smc_baseline,gaussian_mean,mu,-1.8975309892001049,13,100
414,abc_smc_baseline,gaussian_mean,mu,0.096899578093935,40,100
415,abc_smc_baseline,gaussian_mean,mu,3.506146045320712,88,100
416,abc_smc_baseline,gaussian_mean,mu,-3.938920834065064,2,100
417,abc_smc_baseline,gaussian_mean,mu,-3.966401999906168,63,100
418,abc_smc_baseline,gaussian_mean,mu,-4.376747608731489,86,100
419,abc_smc_baseline,gaussian_mean,mu,2.7357228302344456,0,100
420,abc_smc_baseline,gaussian_mean,mu,-4.5892230662765,0,100
421,abc_smc_baseline,gaussian_mean,mu,4.951738105713021,63,100
422,abc_smc_baseline,gaussian_mean,mu,-4.594287969887444,55,100
423,abc_smc_baseline,gaussian_mean,mu,1.6430456591429703,34,100
424,abc_smc_baseline,gaussian_mean,mu,-2.6096592072115032,100,100
425,abc_smc_baseline,gaussian_mean,mu,2.399474464442973,98,100
426,abc_smc_baseline,gaussian_mean,mu,0.3333025052093452,9,100
427,abc_smc_baseline,gaussian_mean,mu,0.371848677510024,61,100
428,abc_smc_baseline,gaussian_mean,mu,-1.3309479981598615,100,100
429,abc_smc_baseline,gaussian_mean,mu,-0.2969800614226265,5,100
430,abc_smc_baseline,gaussian_mean,mu,-1.3755195885919882,78,100
431,abc_smc_baseline,gaussian_mean,mu,-0.7760974090338113,98,100
432,abc_smc_baseline,gaussian_mean,mu,4.082449677322648,14,100
433,abc_smc_baseline,gaussian_mean,mu,4.761881164297954,98,100
434,abc_smc_baseline,gaussian_mean,mu,-4.449425514238815,28,100
435,abc_smc_baseline,gaussian_mean,mu,1.6961630434389967,34,100
436,abc_smc_baseline,gaussian_mean,mu,-2.3529735348721568,6,100
437,abc_smc_baseline,gaussian_mean,mu,-0.8594778112353971,81,100
438,abc_smc_baseline,gaussian_mean,mu,1.0907078616688892,97,100
439,abc_smc_baseline,gaussian_mean,mu,4.054032138099348,88,100
440,async_propulate_abc,gaussian_mean,mu,3.746579100062748,55,2000
441,async_propulate_abc,gaussian_mean,mu,-0.064381181357298,1551,2000
442,async_propulate_abc,gaussian_mean,mu,0.6101228625995523,295,2000
443,async_propulate_abc,gaussian_mean,mu,3.924026558735276,552,2000
444,async_propulate_abc,gaussian_mean,mu,0.1504638731502474,1381,2000
445,async_propulate_abc,gaussian_mean,mu,-4.48430146881131,1082,2000
446,async_propulate_abc,gaussian_mean,mu,2.367036031038035,957,2000
447,async_propulate_abc,gaussian_mean,mu,-3.185359713474869,416,2000
448,async_propulate_abc,gaussian_mean,mu,-0.5065785187488423,161,2000
449,async_propulate_abc,gaussian_mean,mu,-0.8393008517637437,1545,2000
450,async_propulate_abc,gaussian_mean,mu,-2.55152929204286,809,2000
451,async_propulate_abc,gaussian_mean,mu,-0.8002159622571003,1009,2000
452,async_propulate_abc,gaussian_mean,mu,3.673273451650571,831,2000
453,async_propulate_abc,gaussian_mean,mu,0.5198583359734794,15,2000
454,async_propulate_abc,gaussian_mean,mu,4.199483212032954,1789,2000
455,async_propulate_abc,gaussian_mean,mu,-0.2434802019155411,718,2000
456,async_propulate_abc,gaussian_mean,mu,-0.3609814911827405,517,2000
457,async_propulate_abc,gaussian_mean,mu,-4.510846902713189,1784,2000
458,async_propulate_abc,gaussian_mean,mu,-0.870243399268027,1731,2000
459,async_propulate_abc,gaussian_mean,mu,-4.979573157091492,88,2000
460,async_propulate_abc,gaussian_mean,mu,3.715615234815564,636,2000
461,async_propulate_abc,gaussian_mean,mu,4.469993730382374,190,2000
462,async_propulate_abc,gaussian_mean,mu,-4.57562655674627,1732,2000
463,async_propulate_abc,gaussian_mean,mu,-0.4366700657819509,1749,2000
464,async_propulate_abc,gaussian_mean,mu,1.7071935266348293,660,2000
465,async_propulate_abc,gaussian_mean,mu,4.830910670516801,1677,2000
466,async_propulate_abc,gaussian_mean,mu,-1.2392682634425265,644,2000
467,async_propulate_abc,gaussian_mean,mu,0.5193121092999426,1327,2000
468,async_propulate_abc,gaussian_mean,mu,2.43692168469228,889,2000
469,async_propulate_abc,gaussian_mean,mu,3.75894948428685,1243,2000
470,async_propulate_abc,gaussian_mean,mu,-3.8631929429741154,1221,2000
471,async_propulate_abc,gaussian_mean,mu,3.028779503917029,585,2000
472,async_propulate_abc,gaussian_mean,mu,-0.4616693343917379,1226,2000
473,async_propulate_abc,gaussian_mean,mu,3.2164385388046157,1526,2000
474,async_propulate_abc,gaussian_mean,mu,-3.3866832060075103,1661,2000
475,async_propulate_abc,gaussian_mean,mu,-1.8226714639785933,649,2000
476,async_propulate_abc,gaussian_mean,mu,-2.2574353031632963,777,2000
477,async_propulate_abc,gaussian_mean,mu,4.151899698808837,1319,2000
478,async_propulate_abc,gaussian_mean,mu,-3.116282558369109,728,2000
479,async_propulate_abc,gaussian_mean,mu,-4.651742219698647,52,2000
440,abc_smc_baseline,gaussian_mean,mu,3.746579100062748,0,100
441,abc_smc_baseline,gaussian_mean,mu,-0.064381181357298,89,100
442,abc_smc_baseline,gaussian_mean,mu,0.6101228625995523,14,100
443,abc_smc_baseline,gaussian_mean,mu,3.924026558735276,13,100
444,abc_smc_baseline,gaussian_mean,mu,0.1504638731502474,67,100
445,abc_smc_baseline,gaussian_mean,mu,-4.48430146881131,72,100
446,abc_smc_baseline,gaussian_mean,mu,2.367036031038035,61,100
447,abc_smc_baseline,gaussian_mean,mu,-3.185359713474869,18,100
448,abc_smc_baseline,gaussian_mean,mu,-0.5065785187488423,3,100
449,abc_smc_baseline,gaussian_mean,mu,-0.8393008517637437,87,100
450,abc_smc_baseline,gaussian_mean,mu,-2.55152929204286,34,100
451,abc_smc_baseline,gaussian_mean,mu,-0.8002159622571003,51,100
452,abc_smc_baseline,gaussian_mean,mu,3.673273451650571,40,100
453,abc_smc_baseline,gaussian_mean,mu,0.5198583359734794,0,100
454,abc_smc_baseline,gaussian_mean,mu,4.199483212032954,99,100
455,abc_smc_baseline,gaussian_mean,mu,-0.2434802019155411,27,100
456,abc_smc_baseline,gaussian_mean,mu,-0.3609814911827405,26,100
457,abc_smc_baseline,gaussian_mean,mu,-4.510846902713189,94,100
458,abc_smc_baseline,gaussian_mean,mu,-0.870243399268027,95,100
459,abc_smc_baseline,gaussian_mean,mu,-4.979573157091492,2,100
460,abc_smc_baseline,gaussian_mean,mu,3.715615234815564,29,100
461,abc_smc_baseline,gaussian_mean,mu,4.469993730382374,16,100
462,abc_smc_baseline,gaussian_mean,mu,-4.57562655674627,97,100
463,abc_smc_baseline,gaussian_mean,mu,-0.4366700657819509,98,100
464,abc_smc_baseline,gaussian_mean,mu,1.7071935266348293,18,100
465,abc_smc_baseline,gaussian_mean,mu,4.830910670516801,90,100
466,abc_smc_baseline,gaussian_mean,mu,-1.2392682634425265,31,100
467,abc_smc_baseline,gaussian_mean,mu,0.5193121092999426,81,100
468,abc_smc_baseline,gaussian_mean,mu,2.43692168469228,50,100
469,abc_smc_baseline,gaussian_mean,mu,3.75894948428685,71,100
470,abc_smc_baseline,gaussian_mean,mu,-3.8631929429741154,75,100
471,abc_smc_baseline,gaussian_mean,mu,3.028779503917029,46,100
472,abc_smc_baseline,gaussian_mean,mu,-0.4616693343917379,78,100
473,abc_smc_baseline,gaussian_mean,mu,3.2164385388046157,80,100
474,abc_smc_baseline,gaussian_mean,mu,-3.3866832060075103,87,100
475,abc_smc_baseline,gaussian_mean,mu,-1.8226714639785933,16,100
476,abc_smc_baseline,gaussian_mean,mu,-2.2574353031632963,36,100
477,abc_smc_baseline,gaussian_mean,mu,4.151899698808837,76,100
478,abc_smc_baseline,gaussian_mean,mu,-3.116282558369109,34,100
479,abc_smc_baseline,gaussian_mean,mu,-4.651742219698647,0,100
480,async_propulate_abc,gaussian_mean,mu,-0.9191411631214006,671,2000
481,async_propulate_abc,gaussian_mean,mu,-3.571534847213221,153,2000
482,async_propulate_abc,gaussian_mean,mu,4.080684253322659,1522,2000
483,async_propulate_abc,gaussian_mean,mu,-0.1396166332771962,903,2000
484,async_propulate_abc,gaussian_mean,mu,-3.530498309205007,1430,2000
485,async_propulate_abc,gaussian_mean,mu,-4.260283805593871,1469,2000
486,async_propulate_abc,gaussian_mean,mu,4.825836431122623,1872,2000
487,async_propulate_abc,gaussian_mean,mu,1.9631414891035632,238,2000
488,async_propulate_abc,gaussian_mean,mu,0.5743553256327658,1647,2000
489,async_propulate_abc,gaussian_mean,mu,3.2183695864506205,1306,2000
490,async_propulate_abc,gaussian_mean,mu,1.3917406565186503,1845,2000
491,async_propulate_abc,gaussian_mean,mu,1.809559834414003,1093,2000
492,async_propulate_abc,gaussian_mean,mu,2.513903395133564,1784,2000
493,async_propulate_abc,gaussian_mean,mu,4.283816705540286,1314,2000
494,async_propulate_abc,gaussian_mean,mu,-4.94548993598518,23,2000
495,async_propulate_abc,gaussian_mean,mu,3.351004082872059,162,2000
496,async_propulate_abc,gaussian_mean,mu,-2.935803779657915,1414,2000
497,async_propulate_abc,gaussian_mean,mu,-0.3779928368252019,1630,2000
498,async_propulate_abc,gaussian_mean,mu,4.863334016364009,882,2000
499,async_propulate_abc,gaussian_mean,mu,-3.899108617624938,1221,2000
500,async_propulate_abc,gaussian_mean,mu,0.1605914214569423,1127,2000
501,async_propulate_abc,gaussian_mean,mu,3.5032419006706057,254,2000
502,async_propulate_abc,gaussian_mean,mu,-3.649707550655221,1902,2000
503,async_propulate_abc,gaussian_mean,mu,2.484175237151857,442,2000
504,async_propulate_abc,gaussian_mean,mu,3.4718251452379523,1440,2000
505,async_propulate_abc,gaussian_mean,mu,4.242161489536864,1388,2000
506,async_propulate_abc,gaussian_mean,mu,4.594729390965883,910,2000
507,async_propulate_abc,gaussian_mean,mu,-0.329976570103847,1658,2000
508,async_propulate_abc,gaussian_mean,mu,0.8548778297046784,1036,2000
509,async_propulate_abc,gaussian_mean,mu,4.394294044526982,503,2000
510,async_propulate_abc,gaussian_mean,mu,-0.2935993355601107,1835,2000
511,async_propulate_abc,gaussian_mean,mu,4.2215899527265925,49,2000
512,async_propulate_abc,gaussian_mean,mu,-2.879087309266776,912,2000
513,async_propulate_abc,gaussian_mean,mu,2.650968208338421,1829,2000
514,async_propulate_abc,gaussian_mean,mu,-4.404590433603282,1876,2000
515,async_propulate_abc,gaussian_mean,mu,2.172558000806786,1490,2000
516,async_propulate_abc,gaussian_mean,mu,4.598640855837164,1544,2000
517,async_propulate_abc,gaussian_mean,mu,-0.399439882404752,344,2000
518,async_propulate_abc,gaussian_mean,mu,-3.908326223930725,362,2000
519,async_propulate_abc,gaussian_mean,mu,-1.077237044484609,1171,2000
480,abc_smc_baseline,gaussian_mean,mu,-0.9191411631214006,26,100
481,abc_smc_baseline,gaussian_mean,mu,-3.571534847213221,11,100
482,abc_smc_baseline,gaussian_mean,mu,4.080684253322659,86,100
483,abc_smc_baseline,gaussian_mean,mu,-0.1396166332771962,41,100
484,abc_smc_baseline,gaussian_mean,mu,-3.530498309205007,87,100
485,abc_smc_baseline,gaussian_mean,mu,-4.260283805593871,78,100
486,abc_smc_baseline,gaussian_mean,mu,4.825836431122623,95,100
487,abc_smc_baseline,gaussian_mean,mu,1.9631414891035632,6,100
488,abc_smc_baseline,gaussian_mean,mu,0.5743553256327658,91,100
489,abc_smc_baseline,gaussian_mean,mu,3.2183695864506205,58,100
490,abc_smc_baseline,gaussian_mean,mu,1.3917406565186503,100,100
491,abc_smc_baseline,gaussian_mean,mu,1.809559834414003,75,100
492,abc_smc_baseline,gaussian_mean,mu,2.513903395133564,99,100
493,abc_smc_baseline,gaussian_mean,mu,4.283816705540286,61,100
494,abc_smc_baseline,gaussian_mean,mu,-4.94548993598518,0,100
495,abc_smc_baseline,gaussian_mean,mu,3.351004082872059,10,100
496,abc_smc_baseline,gaussian_mean,mu,-2.935803779657915,74,100
497,abc_smc_baseline,gaussian_mean,mu,-0.3779928368252019,92,100
498,abc_smc_baseline,gaussian_mean,mu,4.863334016364009,33,100
499,abc_smc_baseline,gaussian_mean,mu,-3.899108617624938,70,100
500,abc_smc_baseline,gaussian_mean,mu,0.1605914214569423,46,100
501,abc_smc_baseline,gaussian_mean,mu,3.5032419006706057,8,100
502,abc_smc_baseline,gaussian_mean,mu,-3.649707550655221,100,100
503,abc_smc_baseline,gaussian_mean,mu,2.484175237151857,20,100
504,abc_smc_baseline,gaussian_mean,mu,3.4718251452379523,77,100
505,abc_smc_baseline,gaussian_mean,mu,4.242161489536864,72,100
506,abc_smc_baseline,gaussian_mean,mu,4.594729390965883,56,100
507,abc_smc_baseline,gaussian_mean,mu,-0.329976570103847,92,100
508,abc_smc_baseline,gaussian_mean,mu,0.8548778297046784,47,100
509,abc_smc_baseline,gaussian_mean,mu,4.394294044526982,6,100
510,abc_smc_baseline,gaussian_mean,mu,-0.2935993355601107,98,100
511,abc_smc_baseline,gaussian_mean,mu,4.2215899527265925,2,100
512,abc_smc_baseline,gaussian_mean,mu,-2.879087309266776,31,100
513,abc_smc_baseline,gaussian_mean,mu,2.650968208338421,91,100
514,abc_smc_baseline,gaussian_mean,mu,-4.404590433603282,100,100
515,abc_smc_baseline,gaussian_mean,mu,2.172558000806786,60,100
516,abc_smc_baseline,gaussian_mean,mu,4.598640855837164,83,100
517,abc_smc_baseline,gaussian_mean,mu,-0.399439882404752,9,100
518,abc_smc_baseline,gaussian_mean,mu,-3.908326223930725,10,100
519,abc_smc_baseline,gaussian_mean,mu,-1.077237044484609,66,100
520,async_propulate_abc,gaussian_mean,mu,1.1618853944326313,472,2000
521,async_propulate_abc,gaussian_mean,mu,3.8400543399503615,1954,2000
522,async_propulate_abc,gaussian_mean,mu,-1.7247757827225485,1546,2000
523,async_propulate_abc,gaussian_mean,mu,4.542481209318446,1681,2000
524,async_propulate_abc,gaussian_mean,mu,1.1230672106935593,1795,2000
525,async_propulate_abc,gaussian_mean,mu,-2.2948672184616536,1222,2000
526,async_propulate_abc,gaussian_mean,mu,-1.6441505647415622,1729,2000
527,async_propulate_abc,gaussian_mean,mu,4.359361588449026,736,2000
528,async_propulate_abc,gaussian_mean,mu,0.9678834374670692,1881,2000
529,async_propulate_abc,gaussian_mean,mu,-2.9982615254314124,650,2000
530,async_propulate_abc,gaussian_mean,mu,-4.492682434096178,243,2000
531,async_propulate_abc,gaussian_mean,mu,-1.3667793439197706,0,2000
532,async_propulate_abc,gaussian_mean,mu,-1.5805660633595675,821,2000
533,async_propulate_abc,gaussian_mean,mu,3.410305767876654,1131,2000
534,async_propulate_abc,gaussian_mean,mu,0.1458615115142958,1969,2000
535,async_propulate_abc,gaussian_mean,mu,-3.537195103744084,2000,2000
536,async_propulate_abc,gaussian_mean,mu,3.609118020322852,440,2000
537,async_propulate_abc,gaussian_mean,mu,-3.7363035574162575,782,2000
538,async_propulate_abc,gaussian_mean,mu,4.053725862487713,68,2000
539,async_propulate_abc,gaussian_mean,mu,2.527830902082659,1970,2000
540,async_propulate_abc,gaussian_mean,mu,-1.7623594880807647,250,2000
541,async_propulate_abc,gaussian_mean,mu,-4.85397773694165,365,2000
542,async_propulate_abc,gaussian_mean,mu,-4.2745198712818935,1306,2000
543,async_propulate_abc,gaussian_mean,mu,1.2251774173187684,485,2000
544,async_propulate_abc,gaussian_mean,mu,-3.545857233191895,77,2000
545,async_propulate_abc,gaussian_mean,mu,1.6060732415584678,1714,2000
546,async_propulate_abc,gaussian_mean,mu,-4.395401828041895,1772,2000
547,async_propulate_abc,gaussian_mean,mu,-2.6720220826286,219,2000
548,async_propulate_abc,gaussian_mean,mu,-1.4583040321611032,1814,2000
549,async_propulate_abc,gaussian_mean,mu,3.480272230026163,20,2000
550,async_propulate_abc,gaussian_mean,mu,3.098437060067683,883,2000
551,async_propulate_abc,gaussian_mean,mu,4.734235570423403,1159,2000
552,async_propulate_abc,gaussian_mean,mu,-0.3738498735975213,1689,2000
553,async_propulate_abc,gaussian_mean,mu,2.6732376047091595,1537,2000
554,async_propulate_abc,gaussian_mean,mu,-2.4173769631444744,1084,2000
555,async_propulate_abc,gaussian_mean,mu,1.8428619381637248,1206,2000
556,async_propulate_abc,gaussian_mean,mu,1.8913685582341488,40,2000
557,async_propulate_abc,gaussian_mean,mu,-3.1689554705929925,1766,2000
558,async_propulate_abc,gaussian_mean,mu,-1.025125973009371,1651,2000
559,async_propulate_abc,gaussian_mean,mu,1.1503995847347417,240,2000
520,abc_smc_baseline,gaussian_mean,mu,1.1618853944326313,9,100
521,abc_smc_baseline,gaussian_mean,mu,3.8400543399503615,100,100
522,abc_smc_baseline,gaussian_mean,mu,-1.7247757827225485,93,100
523,abc_smc_baseline,gaussian_mean,mu,4.542481209318446,88,100
524,abc_smc_baseline,gaussian_mean,mu,1.1230672106935593,95,100
525,abc_smc_baseline,gaussian_mean,mu,-2.2948672184616536,68,100
526,abc_smc_baseline,gaussian_mean,mu,-1.6441505647415622,86,100
527,abc_smc_baseline,gaussian_mean,mu,4.359361588449026,33,100
528,abc_smc_baseline,gaussian_mean,mu,0.9678834374670692,97,100
529,abc_smc_baseline,gaussian_mean,mu,-2.9982615254314124,24,100
530,abc_smc_baseline,gaussian_mean,mu,-4.492682434096178,0,100
531,abc_smc_baseline,gaussian_mean,mu,-1.3667793439197706,0,100
532,abc_smc_baseline,gaussian_mean,mu,-1.5805660633595675,67,100
533,abc_smc_baseline,gaussian_mean,mu,3.410305767876654,48,100
534,abc_smc_baseline,gaussian_mean,mu,0.1458615115142958,96,100
535,abc_smc_baseline,gaussian_mean,mu,-3.537195103744084,100,100
536,abc_smc_baseline,gaussian_mean,mu,3.609118020322852,11,100
537,abc_smc_baseline,gaussian_mean,mu,-3.7363035574162575,41,100
538,abc_smc_baseline,gaussian_mean,mu,4.053725862487713,0,100
539,abc_smc_baseline,gaussian_mean,mu,2.527830902082659,100,100
540,abc_smc_baseline,gaussian_mean,mu,-1.7623594880807647,11,100
541,abc_smc_baseline,gaussian_mean,mu,-4.85397773694165,8,100
542,abc_smc_baseline,gaussian_mean,mu,-4.2745198712818935,85,100
543,abc_smc_baseline,gaussian_mean,mu,1.2251774173187684,21,100
544,abc_smc_baseline,gaussian_mean,mu,-3.545857233191895,2,100
545,abc_smc_baseline,gaussian_mean,mu,1.6060732415584678,86,100
546,abc_smc_baseline,gaussian_mean,mu,-4.395401828041895,95,100
547,abc_smc_baseline,gaussian_mean,mu,-2.6720220826286,4,100
548,abc_smc_baseline,gaussian_mean,mu,-1.4583040321611032,89,100
549,abc_smc_baseline,gaussian_mean,mu,3.480272230026163,0,100
550,abc_smc_baseline,gaussian_mean,mu,3.098437060067683,20,100
551,abc_smc_baseline,gaussian_mean,mu,4.734235570423403,70,100
552,abc_smc_baseline,gaussian_mean,mu,-0.3738498735975213,96,100
553,abc_smc_baseline,gaussian_mean,mu,2.6732376047091595,91,100
554,abc_smc_baseline,gaussian_mean,mu,-2.4173769631444744,53,100
555,abc_smc_baseline,gaussian_mean,mu,1.8428619381637248,60,100
556,abc_smc_baseline,gaussian_mean,mu,1.8913685582341488,1,100
557,abc_smc_baseline,gaussian_mean,mu,-3.1689554705929925,95,100
558,abc_smc_baseline,gaussian_mean,mu,-1.025125973009371,93,100
559,abc_smc_baseline,gaussian_mean,mu,1.1503995847347417,10,100
560,async_propulate_abc,gaussian_mean,mu,4.133246835037486,1139,2000
561,async_propulate_abc,gaussian_mean,mu,-4.795044976928089,50,2000
562,async_propulate_abc,gaussian_mean,mu,-0.0096107776348226,82,2000
563,async_propulate_abc,gaussian_mean,mu,2.893668652655053,275,2000
564,async_propulate_abc,gaussian_mean,mu,-0.4309758059129018,653,2000
565,async_propulate_abc,gaussian_mean,mu,-4.7318918847933205,672,2000
566,async_propulate_abc,gaussian_mean,mu,4.52377082601426,178,2000
567,async_propulate_abc,gaussian_mean,mu,0.5377774000667408,750,2000
568,async_propulate_abc,gaussian_mean,mu,-0.1139074485140048,655,2000
569,async_propulate_abc,gaussian_mean,mu,-3.384088202896285,671,2000
570,async_propulate_abc,gaussian_mean,mu,0.2341230360624902,264,2000
571,async_propulate_abc,gaussian_mean,mu,1.8691332909444447,658,2000
572,async_propulate_abc,gaussian_mean,mu,-3.6242213395037473,1134,2000
573,async_propulate_abc,gaussian_mean,mu,2.8265476387460167,1189,2000
574,async_propulate_abc,gaussian_mean,mu,3.119148326011633,643,2000
575,async_propulate_abc,gaussian_mean,mu,-1.8449035915394203,783,2000
576,async_propulate_abc,gaussian_mean,mu,4.438614607522258,1221,2000
577,async_propulate_abc,gaussian_mean,mu,0.5579714452929636,770,2000
578,async_propulate_abc,gaussian_mean,mu,-1.808238716208269,1424,2000
579,async_propulate_abc,gaussian_mean,mu,0.4633928163485459,813,2000
580,async_propulate_abc,gaussian_mean,mu,-1.9462270448771328,1271,2000
581,async_propulate_abc,gaussian_mean,mu,-2.495681279536023,971,2000
582,async_propulate_abc,gaussian_mean,mu,-4.270217086508246,404,2000
583,async_propulate_abc,gaussian_mean,mu,-4.08461328008425,239,2000
584,async_propulate_abc,gaussian_mean,mu,-1.7219146180356215,322,2000
585,async_propulate_abc,gaussian_mean,mu,-0.1660486443728404,580,2000
586,async_propulate_abc,gaussian_mean,mu,4.229929101259614,1905,2000
587,async_propulate_abc,gaussian_mean,mu,4.635081191708171,122,2000
588,async_propulate_abc,gaussian_mean,mu,3.076994439697991,934,2000
589,async_propulate_abc,gaussian_mean,mu,4.927901531872102,1230,2000
590,async_propulate_abc,gaussian_mean,mu,-2.9925063768927296,1899,2000
591,async_propulate_abc,gaussian_mean,mu,-0.6661651152709167,1724,2000
592,async_propulate_abc,gaussian_mean,mu,1.252981831838854,771,2000
593,async_propulate_abc,gaussian_mean,mu,0.289987727855082,2000,2000
594,async_propulate_abc,gaussian_mean,mu,-3.1420175470218767,1118,2000
595,async_propulate_abc,gaussian_mean,mu,0.0310397692716737,1686,2000
596,async_propulate_abc,gaussian_mean,mu,-4.022991716533442,110,2000
597,async_propulate_abc,gaussian_mean,mu,-1.006471272617535,991,2000
598,async_propulate_abc,gaussian_mean,mu,4.93674240553549,1538,2000
599,async_propulate_abc,gaussian_mean,mu,3.9689148623327952,250,2000
560,abc_smc_baseline,gaussian_mean,mu,4.133246835037486,40,100
561,abc_smc_baseline,gaussian_mean,mu,-4.795044976928089,0,100
562,abc_smc_baseline,gaussian_mean,mu,-0.0096107776348226,0,100
563,abc_smc_baseline,gaussian_mean,mu,2.893668652655053,4,100
564,abc_smc_baseline,gaussian_mean,mu,-0.4309758059129018,28,100
565,abc_smc_baseline,gaussian_mean,mu,-4.7318918847933205,27,100
566,abc_smc_baseline,gaussian_mean,mu,4.52377082601426,1,100
567,abc_smc_baseline,gaussian_mean,mu,0.5377774000667408,39,100
568,abc_smc_baseline,gaussian_mean,mu,-0.1139074485140048,29,100
569,abc_smc_baseline,gaussian_mean,mu,-3.384088202896285,38,100
570,abc_smc_baseline,gaussian_mean,mu,0.2341230360624902,5,100
571,abc_smc_baseline,gaussian_mean,mu,1.8691332909444447,18,100
572,abc_smc_baseline,gaussian_mean,mu,-3.6242213395037473,48,100
573,abc_smc_baseline,gaussian_mean,mu,2.8265476387460167,55,100
574,abc_smc_baseline,gaussian_mean,mu,3.119148326011633,25,100
575,abc_smc_baseline,gaussian_mean,mu,-1.8449035915394203,23,100
576,abc_smc_baseline,gaussian_mean,mu,4.438614607522258,73,100
577,abc_smc_baseline,gaussian_mean,mu,0.5579714452929636,39,100
578,abc_smc_baseline,gaussian_mean,mu,-1.808238716208269,83,100
579,abc_smc_baseline,gaussian_mean,mu,0.4633928163485459,28,100
580,abc_smc_baseline,gaussian_mean,mu,-1.9462270448771328,54,100
581,abc_smc_baseline,gaussian_mean,mu,-2.495681279536023,44,100
582,abc_smc_baseline,gaussian_mean,mu,-4.270217086508246,19,100
583,abc_smc_baseline,gaussian_mean,mu,-4.08461328008425,13,100
584,abc_smc_baseline,gaussian_mean,mu,-1.7219146180356215,9,100
585,abc_smc_baseline,gaussian_mean,mu,-0.1660486443728404,9,100
586,abc_smc_baseline,gaussian_mean,mu,4.229929101259614,100,100
587,abc_smc_baseline,gaussian_mean,mu,4.635081191708171,5,100
588,abc_smc_baseline,gaussian_mean,mu,3.076994439697991,57,100
589,abc_smc_baseline,gaussian_mean,mu,4.927901531872102,74,100
590,abc_smc_baseline,gaussian_mean,mu,-2.9925063768927296,100,100
591,abc_smc_baseline,gaussian_mean,mu,-0.6661651152709167,97,100
592,abc_smc_baseline,gaussian_mean,mu,1.252981831838854,33,100
593,abc_smc_baseline,gaussian_mean,mu,0.289987727855082,100,100
594,abc_smc_baseline,gaussian_mean,mu,-3.1420175470218767,55,100
595,abc_smc_baseline,gaussian_mean,mu,0.0310397692716737,91,100
596,abc_smc_baseline,gaussian_mean,mu,-4.022991716533442,1,100
597,abc_smc_baseline,gaussian_mean,mu,-1.006471272617535,33,100
598,abc_smc_baseline,gaussian_mean,mu,4.93674240553549,83,100
599,abc_smc_baseline,gaussian_mean,mu,3.9689148623327952,0,100
600,async_propulate_abc,gaussian_mean,mu,-2.2872772340721594,1458,2000
601,async_propulate_abc,gaussian_mean,mu,0.8175745080733252,717,2000
602,async_propulate_abc,gaussian_mean,mu,2.316246652312853,478,2000
603,async_propulate_abc,gaussian_mean,mu,2.965788723343671,553,2000
604,async_propulate_abc,gaussian_mean,mu,3.646496918410657,707,2000
605,async_propulate_abc,gaussian_mean,mu,-2.6902580269202025,875,2000
606,async_propulate_abc,gaussian_mean,mu,1.7271042053221155,307,2000
607,async_propulate_abc,gaussian_mean,mu,2.766773439048462,1096,2000
608,async_propulate_abc,gaussian_mean,mu,-2.153679620479532,896,2000
609,async_propulate_abc,gaussian_mean,mu,4.806285799134489,1489,2000
610,async_propulate_abc,gaussian_mean,mu,0.3821198521810824,375,2000
611,async_propulate_abc,gaussian_mean,mu,0.133025921533493,293,2000
612,async_propulate_abc,gaussian_mean,mu,0.1910191139162407,332,2000
613,async_propulate_abc,gaussian_mean,mu,-3.178414541900205,990,2000
614,async_propulate_abc,gaussian_mean,mu,4.114135488427463,177,2000
615,async_propulate_abc,gaussian_mean,mu,-4.489571094746198,1445,2000
616,async_propulate_abc,gaussian_mean,mu,-4.741913002788167,1053,2000
617,async_propulate_abc,gaussian_mean,mu,-3.9785724582906887,889,2000
618,async_propulate_abc,gaussian_mean,mu,4.060580885870737,1589,2000
619,async_propulate_abc,gaussian_mean,mu,3.072657625978154,204,2000
620,async_propulate_abc,gaussian_mean,mu,3.028839513443897,599,2000
621,async_propulate_abc,gaussian_mean,mu,0.165523182317834,832,2000
622,async_propulate_abc,gaussian_mean,mu,0.5831612566604036,481,2000
623,async_propulate_abc,gaussian_mean,mu,0.5890966436894916,1365,2000
624,async_propulate_abc,gaussian_mean,mu,2.2902631526991737,1803,2000
625,async_propulate_abc,gaussian_mean,mu,-4.716235524643423,305,2000
626,async_propulate_abc,gaussian_mean,mu,1.9667238320170188,1539,2000
627,async_propulate_abc,gaussian_mean,mu,-3.578365626179739,1508,2000
628,async_propulate_abc,gaussian_mean,mu,-2.180261059901956,1942,2000
629,async_propulate_abc,gaussian_mean,mu,-2.5290945287168007,573,2000
630,async_propulate_abc,gaussian_mean,mu,-0.7577031370656817,1185,2000
631,async_propulate_abc,gaussian_mean,mu,1.5463040372181505,1830,2000
632,async_propulate_abc,gaussian_mean,mu,-1.0728885484716653,1495,2000
633,async_propulate_abc,gaussian_mean,mu,0.8378262293013918,840,2000
634,async_propulate_abc,gaussian_mean,mu,-0.4348915537544497,197,2000
635,async_propulate_abc,gaussian_mean,mu,-2.8590943572227623,292,2000
636,async_propulate_abc,gaussian_mean,mu,-2.461667461149327,1994,2000
637,async_propulate_abc,gaussian_mean,mu,0.5372840018707237,1845,2000
638,async_propulate_abc,gaussian_mean,mu,-1.3137132021313134,800,2000
639,async_propulate_abc,gaussian_mean,mu,3.268368701323896,876,2000
600,abc_smc_baseline,gaussian_mean,mu,-2.2872772340721594,76,100
601,abc_smc_baseline,gaussian_mean,mu,0.8175745080733252,24,100
602,abc_smc_baseline,gaussian_mean,mu,2.316246652312853,10,100
603,abc_smc_baseline,gaussian_mean,mu,2.965788723343671,18,100
604,abc_smc_baseline,gaussian_mean,mu,3.646496918410657,32,100
605,abc_smc_baseline,gaussian_mean,mu,-2.6902580269202025,32,100
606,abc_smc_baseline,gaussian_mean,mu,1.7271042053221155,8,100
607,abc_smc_baseline,gaussian_mean,mu,2.766773439048462,71,100
608,abc_smc_baseline,gaussian_mean,mu,-2.153679620479532,50,100
609,abc_smc_baseline,gaussian_mean,mu,4.806285799134489,74,100
610,abc_smc_baseline,gaussian_mean,mu,0.3821198521810824,10,100
611,abc_smc_baseline,gaussian_mean,mu,0.133025921533493,5,100
612,abc_smc_baseline,gaussian_mean,mu,0.1910191139162407,15,100
613,abc_smc_baseline,gaussian_mean,mu,-3.178414541900205,44,100
614,abc_smc_baseline,gaussian_mean,mu,4.114135488427463,6,100
615,abc_smc_baseline,gaussian_mean,mu,-4.489571094746198,77,100
616,abc_smc_baseline,gaussian_mean,mu,-4.741913002788167,50,100
617,abc_smc_baseline,gaussian_mean,mu,-3.9785724582906887,47,100
618,abc_smc_baseline,gaussian_mean,mu,4.060580885870737,85,100
619,abc_smc_baseline,gaussian_mean,mu,3.072657625978154,2,100
620,abc_smc_baseline,gaussian_mean,mu,3.028839513443897,37,100
621,abc_smc_baseline,gaussian_mean,mu,0.165523182317834,37,100
622,abc_smc_baseline,gaussian_mean,mu,0.5831612566604036,16,100
623,abc_smc_baseline,gaussian_mean,mu,0.5890966436894916,72,100
624,abc_smc_baseline,gaussian_mean,mu,2.2902631526991737,95,100
625,abc_smc_baseline,gaussian_mean,mu,-4.716235524643423,5,100
626,abc_smc_baseline,gaussian_mean,mu,1.9667238320170188,84,100
627,abc_smc_baseline,gaussian_mean,mu,-3.578365626179739,77,100
628,abc_smc_baseline,gaussian_mean,mu,-2.180261059901956,100,100
629,abc_smc_baseline,gaussian_mean,mu,-2.5290945287168007,33,100
630,abc_smc_baseline,gaussian_mean,mu,-0.7577031370656817,77,100
631,abc_smc_baseline,gaussian_mean,mu,1.5463040372181505,98,100
632,abc_smc_baseline,gaussian_mean,mu,-1.0728885484716653,92,100
633,abc_smc_baseline,gaussian_mean,mu,0.8378262293013918,37,100
634,abc_smc_baseline,gaussian_mean,mu,-0.4348915537544497,9,100
635,abc_smc_baseline,gaussian_mean,mu,-2.8590943572227623,6,100
636,abc_smc_baseline,gaussian_mean,mu,-2.461667461149327,100,100
637,abc_smc_baseline,gaussian_mean,mu,0.5372840018707237,97,100
638,abc_smc_baseline,gaussian_mean,mu,-1.3137132021313134,51,100
639,abc_smc_baseline,gaussian_mean,mu,3.268368701323896,51,100
640,async_propulate_abc,gaussian_mean,mu,4.3318065319362535,90,2000
641,async_propulate_abc,gaussian_mean,mu,-3.712748798866131,522,2000
642,async_propulate_abc,gaussian_mean,mu,4.594939301881912,432,2000
643,async_propulate_abc,gaussian_mean,mu,-2.9752714672913694,1439,2000
644,async_propulate_abc,gaussian_mean,mu,-4.835689793260688,591,2000
645,async_propulate_abc,gaussian_mean,mu,-2.223219170174441,19,2000
646,async_propulate_abc,gaussian_mean,mu,-0.1134757658067098,707,2000
647,async_propulate_abc,gaussian_mean,mu,3.177950216556285,932,2000
648,async_propulate_abc,gaussian_mean,mu,-2.6885326573665003,904,2000
649,async_propulate_abc,gaussian_mean,mu,1.341425431615613,1801,2000
650,async_propulate_abc,gaussian_mean,mu,2.057510396956249,284,2000
651,async_propulate_abc,gaussian_mean,mu,-0.0308876383280196,514,2000
652,async_propulate_abc,gaussian_mean,mu,0.6832006721279242,1628,2000
653,async_propulate_abc,gaussian_mean,mu,1.3422895427417627,1879,2000
654,async_propulate_abc,gaussian_mean,mu,3.07477450174056,1501,2000
655,async_propulate_abc,gaussian_mean,mu,3.403946760940494,1295,2000
656,async_propulate_abc,gaussian_mean,mu,-2.599815044487201,955,2000
657,async_propulate_abc,gaussian_mean,mu,2.8355340484784417,1828,2000
658,async_propulate_abc,gaussian_mean,mu,-4.169787742530545,1174,2000
659,async_propulate_abc,gaussian_mean,mu,-4.902033236014471,1478,2000
660,async_propulate_abc,gaussian_mean,mu,4.6850488551540135,1278,2000
661,async_propulate_abc,gaussian_mean,mu,0.4609516814433529,1239,2000
662,async_propulate_abc,gaussian_mean,mu,-0.7340570691767914,2000,2000
663,async_propulate_abc,gaussian_mean,mu,-3.9588433663313416,1983,2000
664,async_propulate_abc,gaussian_mean,mu,-3.442459098550951,855,2000
665,async_propulate_abc,gaussian_mean,mu,3.0658559646872856,1688,2000
666,async_propulate_abc,gaussian_mean,mu,1.001537513026486,827,2000
667,async_propulate_abc,gaussian_mean,mu,-3.840720222177479,1170,2000
668,async_propulate_abc,gaussian_mean,mu,-2.9152297379889545,1743,2000
669,async_propulate_abc,gaussian_mean,mu,2.9526248311119394,814,2000
670,async_propulate_abc,gaussian_mean,mu,3.5943592445294783,1849,2000
671,async_propulate_abc,gaussian_mean,mu,-4.164788087097491,43,2000
672,async_propulate_abc,gaussian_mean,mu,-4.339182539956646,1158,2000
673,async_propulate_abc,gaussian_mean,mu,1.3538086037258843,1723,2000
674,async_propulate_abc,gaussian_mean,mu,4.556779440237417,1518,2000
675,async_propulate_abc,gaussian_mean,mu,-1.2119369065954233,523,2000
676,async_propulate_abc,gaussian_mean,mu,-0.7354059037362344,1341,2000
677,async_propulate_abc,gaussian_mean,mu,-2.432290860295697,502,2000
678,async_propulate_abc,gaussian_mean,mu,-2.498427102678769,795,2000
679,async_propulate_abc,gaussian_mean,mu,2.2210858764545582,99,2000
640,abc_smc_baseline,gaussian_mean,mu,4.3318065319362535,0,100
641,abc_smc_baseline,gaussian_mean,mu,-3.712748798866131,10,100
642,abc_smc_baseline,gaussian_mean,mu,4.594939301881912,16,100
643,abc_smc_baseline,gaussian_mean,mu,-2.9752714672913694,78,100
644,abc_smc_baseline,gaussian_mean,mu,-4.835689793260688,24,100
645,abc_smc_baseline,gaussian_mean,mu,-2.223219170174441,0,100
646,abc_smc_baseline,gaussian_mean,mu,-0.1134757658067098,40,100
647,abc_smc_baseline,gaussian_mean,mu,3.177950216556285,50,100
648,abc_smc_baseline,gaussian_mean,mu,-2.6885326573665003,48,100
649,abc_smc_baseline,gaussian_mean,mu,1.341425431615613,96,100
650,abc_smc_baseline,gaussian_mean,mu,2.057510396956249,9,100
651,abc_smc_baseline,gaussian_mean,mu,-0.0308876383280196,27,100
652,abc_smc_baseline,gaussian_mean,mu,0.6832006721279242,89,100
653,abc_smc_baseline,gaussian_mean,mu,1.3422895427417627,100,100
654,abc_smc_baseline,gaussian_mean,mu,3.07477450174056,79,100
655,abc_smc_baseline,gaussian_mean,mu,3.403946760940494,74,100
656,abc_smc_baseline,gaussian_mean,mu,-2.599815044487201,15,100
657,abc_smc_baseline,gaussian_mean,mu,2.8355340484784417,97,100
658,abc_smc_baseline,gaussian_mean,mu,-4.169787742530545,64,100
659,abc_smc_baseline,gaussian_mean,mu,-4.902033236014471,95,100
660,abc_smc_baseline,gaussian_mean,mu,4.6850488551540135,74,100
661,abc_smc_baseline,gaussian_mean,mu,0.4609516814433529,74,100
662,abc_smc_baseline,gaussian_mean,mu,-0.7340570691767914,100,100
663,abc_smc_baseline,gaussian_mean,mu,-3.9588433663313416,100,100
664,abc_smc_baseline,gaussian_mean,mu,-3.442459098550951,25,100
665,abc_smc_baseline,gaussian_mean,mu,3.0658559646872856,89,100
666,abc_smc_baseline,gaussian_mean,mu,1.001537513026486,25,100
667,abc_smc_baseline,gaussian_mean,mu,-3.840720222177479,72,100
668,abc_smc_baseline,gaussian_mean,mu,-2.9152297379889545,99,100
669,abc_smc_baseline,gaussian_mean,mu,2.9526248311119394,26,100
670,abc_smc_baseline,gaussian_mean,mu,3.5943592445294783,100,100
671,abc_smc_baseline,gaussian_mean,mu,-4.164788087097491,0,100
672,abc_smc_baseline,gaussian_mean,mu,-4.339182539956646,57,100
673,abc_smc_baseline,gaussian_mean,mu,1.3538086037258843,90,100
674,abc_smc_baseline,gaussian_mean,mu,4.556779440237417,85,100
675,abc_smc_baseline,gaussian_mean,mu,-1.2119369065954233,20,100
676,abc_smc_baseline,gaussian_mean,mu,-0.7354059037362344,82,100
677,abc_smc_baseline,gaussian_mean,mu,-2.432290860295697,13,100
678,abc_smc_baseline,gaussian_mean,mu,-2.498427102678769,30,100
679,abc_smc_baseline,gaussian_mean,mu,2.2210858764545582,0,100
680,async_propulate_abc,gaussian_mean,mu,2.2040412785024985,358,2000
681,async_propulate_abc,gaussian_mean,mu,-3.446886334673105,365,2000
682,async_propulate_abc,gaussian_mean,mu,-0.3622374042996554,1644,2000
683,async_propulate_abc,gaussian_mean,mu,2.5302804149188134,127,2000
684,async_propulate_abc,gaussian_mean,mu,3.397249975097456,1265,2000
685,async_propulate_abc,gaussian_mean,mu,4.771395768466867,183,2000
686,async_propulate_abc,gaussian_mean,mu,1.5002694245319963,690,2000
687,async_propulate_abc,gaussian_mean,mu,-1.345873046172401,1179,2000
688,async_propulate_abc,gaussian_mean,mu,0.2897468613503111,1467,2000
689,async_propulate_abc,gaussian_mean,mu,3.8905471992239633,768,2000
690,async_propulate_abc,gaussian_mean,mu,-2.0792052981594744,1964,2000
691,async_propulate_abc,gaussian_mean,mu,-0.621293256586009,715,2000
692,async_propulate_abc,gaussian_mean,mu,2.3501239014895026,60,2000
693,async_propulate_abc,gaussian_mean,mu,0.3746799346063376,1762,2000
694,async_propulate_abc,gaussian_mean,mu,3.751302249711204,677,2000
695,async_propulate_abc,gaussian_mean,mu,-2.045950570528783,1590,2000
696,async_propulate_abc,gaussian_mean,mu,-1.5824419947528643,163,2000
697,async_propulate_abc,gaussian_mean,mu,-0.060602296950365,1594,2000
698,async_propulate_abc,gaussian_mean,mu,-1.6387733520057646,1975,2000
699,async_propulate_abc,gaussian_mean,mu,1.5699127049001538,2000,2000
700,async_propulate_abc,gaussian_mean,mu,-0.0697084568404902,3,2000
701,async_propulate_abc,gaussian_mean,mu,3.323970549012584,305,2000
702,async_propulate_abc,gaussian_mean,mu,-2.110012888426924,2000,2000
703,async_propulate_abc,gaussian_mean,mu,3.178403587752415,973,2000
704,async_propulate_abc,gaussian_mean,mu,0.7188493439146786,669,2000
705,async_propulate_abc,gaussian_mean,mu,-3.38425377820607,677,2000
706,async_propulate_abc,gaussian_mean,mu,0.8338808915943696,55,2000
707,async_propulate_abc,gaussian_mean,mu,-4.965864228283648,506,2000
708,async_propulate_abc,gaussian_mean,mu,3.768112408978334,782,2000
709,async_propulate_abc,gaussian_mean,mu,-0.6428296852091169,585,2000
710,async_propulate_abc,gaussian_mean,mu,-1.7010814467083235,296,2000
711,async_propulate_abc,gaussian_mean,mu,-1.6134930105861356,337,2000
712,async_propulate_abc,gaussian_mean,mu,-1.739746640845341,1647,2000
713,async_propulate_abc,gaussian_mean,mu,4.413879338487808,369,2000
714,async_propulate_abc,gaussian_mean,mu,-2.5510361723770405,1671,2000
715,async_propulate_abc,gaussian_mean,mu,-2.511162625404721,319,2000
716,async_propulate_abc,gaussian_mean,mu,-4.391996115303268,287,2000
717,async_propulate_abc,gaussian_mean,mu,-3.577906782194473,395,2000
718,async_propulate_abc,gaussian_mean,mu,1.884455575687661,315,2000
719,async_propulate_abc,gaussian_mean,mu,-0.9431437218362166,536,2000
680,abc_smc_baseline,gaussian_mean,mu,2.2040412785024985,20,100
681,abc_smc_baseline,gaussian_mean,mu,-3.446886334673105,8,100
682,abc_smc_baseline,gaussian_mean,mu,-0.3622374042996554,71,100
683,abc_smc_baseline,gaussian_mean,mu,2.5302804149188134,2,100
684,abc_smc_baseline,gaussian_mean,mu,3.397249975097456,63,100
685,abc_smc_baseline,gaussian_mean,mu,4.771395768466867,0,100
686,abc_smc_baseline,gaussian_mean,mu,1.5002694245319963,51,100
687,abc_smc_baseline,gaussian_mean,mu,-1.345873046172401,61,100
688,abc_smc_baseline,gaussian_mean,mu,0.2897468613503111,77,100
689,abc_smc_baseline,gaussian_mean,mu,3.8905471992239633,40,100
690,abc_smc_baseline,gaussian_mean,mu,-2.0792052981594744,99,100
691,abc_smc_baseline,gaussian_mean,mu,-0.621293256586009,32,100
692,abc_smc_baseline,gaussian_mean,mu,2.3501239014895026,3,100
693,abc_smc_baseline,gaussian_mean,mu,0.3746799346063376,99,100
694,abc_smc_baseline,gaussian_mean,mu,3.751302249711204,19,100
695,abc_smc_baseline,gaussian_mean,mu,-2.045950570528783,86,100
696,abc_smc_baseline,gaussian_mean,mu,-1.5824419947528643,1,100
697,abc_smc_baseline,gaussian_mean,mu,-0.060602296950365,84,100
698,abc_smc_baseline,gaussian_mean,mu,-1.6387733520057646,99,100
699,abc_smc_baseline,gaussian_mean,mu,1.5699127049001538,100,100
700,abc_smc_baseline,gaussian_mean,mu,-0.0697084568404902,0,100
701,abc_smc_baseline,gaussian_mean,mu,3.323970549012584,0,100
702,abc_smc_baseline,gaussian_mean,mu,-2.110012888426924,100,100
703,abc_smc_baseline,gaussian_mean,mu,3.178403587752415,45,100
704,abc_smc_baseline,gaussian_mean,mu,0.7188493439146786,25,100
705,abc_smc_baseline,gaussian_mean,mu,-3.38425377820607,25,100
706,abc_smc_baseline,gaussian_mean,mu,0.8338808915943696,0,100
707,abc_smc_baseline,gaussian_mean,mu,-4.965864228283648,37,100
708,abc_smc_baseline,gaussian_mean,mu,3.768112408978334,44,100
709,abc_smc_baseline,gaussian_mean,mu,-0.6428296852091169,13,100
710,abc_smc_baseline,gaussian_mean,mu,-1.7010814467083235,9,100
711,abc_smc_baseline,gaussian_mean,mu,-1.6134930105861356,13,100
712,abc_smc_baseline,gaussian_mean,mu,-1.739746640845341,78,100
713,abc_smc_baseline,gaussian_mean,mu,4.413879338487808,10,100
714,abc_smc_baseline,gaussian_mean,mu,-2.5510361723770405,93,100
715,abc_smc_baseline,gaussian_mean,mu,-2.511162625404721,4,100
716,abc_smc_baseline,gaussian_mean,mu,-4.391996115303268,2,100
717,abc_smc_baseline,gaussian_mean,mu,-3.577906782194473,18,100
718,abc_smc_baseline,gaussian_mean,mu,1.884455575687661,10,100
719,abc_smc_baseline,gaussian_mean,mu,-0.9431437218362166,9,100
720,async_propulate_abc,gaussian_mean,mu,2.354746041252441,357,2000
721,async_propulate_abc,gaussian_mean,mu,-0.3967353332383041,704,2000
722,async_propulate_abc,gaussian_mean,mu,-3.271753903222047,1542,2000
723,async_propulate_abc,gaussian_mean,mu,0.6236624987580406,659,2000
724,async_propulate_abc,gaussian_mean,mu,2.3218598420026293,1652,2000
725,async_propulate_abc,gaussian_mean,mu,4.719868713352646,1063,2000
726,async_propulate_abc,gaussian_mean,mu,1.4025788269009265,116,2000
727,async_propulate_abc,gaussian_mean,mu,0.5300023377293117,2000,2000
728,async_propulate_abc,gaussian_mean,mu,3.427448197815263,444,2000
729,async_propulate_abc,gaussian_mean,mu,-0.5802759738738281,838,2000
730,async_propulate_abc,gaussian_mean,mu,-2.063478192269729,1424,2000
731,async_propulate_abc,gaussian_mean,mu,0.9355861040185188,1740,2000
732,async_propulate_abc,gaussian_mean,mu,-3.765304670363794,608,2000
733,async_propulate_abc,gaussian_mean,mu,-0.776694093584279,83,2000
734,async_propulate_abc,gaussian_mean,mu,-4.716018501065165,1347,2000
735,async_propulate_abc,gaussian_mean,mu,-2.7287239148264653,605,2000
736,async_propulate_abc,gaussian_mean,mu,-4.533417325957804,631,2000
737,async_propulate_abc,gaussian_mean,mu,-2.337191686223777,753,2000
738,async_propulate_abc,gaussian_mean,mu,0.4877546888001909,1104,2000
739,async_propulate_abc,gaussian_mean,mu,-0.7310720669973154,559,2000
740,async_propulate_abc,gaussian_mean,mu,4.94921564988921,1875,2000
741,async_propulate_abc,gaussian_mean,mu,1.978795028010417,980,2000
742,async_propulate_abc,gaussian_mean,mu,-0.8856193707868476,1924,2000
743,async_propulate_abc,gaussian_mean,mu,-2.37869180556471,1109,2000
744,async_propulate_abc,gaussian_mean,mu,1.2744927786294848,1641,2000
745,async_propulate_abc,gaussian_mean,mu,-2.263251284515478,126,2000
746,async_propulate_abc,gaussian_mean,mu,-3.19122116084646,1323,2000
747,async_propulate_abc,gaussian_mean,mu,4.879642401667883,1770,2000
748,async_propulate_abc,gaussian_mean,mu,-3.133533738715561,807,2000
749,async_propulate_abc,gaussian_mean,mu,0.180829224767093,1632,2000
750,async_propulate_abc,gaussian_mean,mu,-0.7773027485591051,244,2000
751,async_propulate_abc,gaussian_mean,mu,1.273834195663568,431,2000
752,async_propulate_abc,gaussian_mean,mu,-0.4710709844986009,2,2000
753,async_propulate_abc,gaussian_mean,mu,-2.025522290008168,4,2000
754,async_propulate_abc,gaussian_mean,mu,1.4204073333335918,1179,2000
755,async_propulate_abc,gaussian_mean,mu,-4.278065271669268,1190,2000
756,async_propulate_abc,gaussian_mean,mu,-1.203631772907804,586,2000
757,async_propulate_abc,gaussian_mean,mu,-3.666871005743608,275,2000
758,async_propulate_abc,gaussian_mean,mu,0.971043495489024,944,2000
759,async_propulate_abc,gaussian_mean,mu,-2.3795827136702465,1441,2000
720,abc_smc_baseline,gaussian_mean,mu,2.354746041252441,3,100
721,abc_smc_baseline,gaussian_mean,mu,-0.3967353332383041,33,100
722,abc_smc_baseline,gaussian_mean,mu,-3.271753903222047,74,100
723,abc_smc_baseline,gaussian_mean,mu,0.6236624987580406,39,100
724,abc_smc_baseline,gaussian_mean,mu,2.3218598420026293,88,100
725,abc_smc_baseline,gaussian_mean,mu,4.719868713352646,49,100
726,abc_smc_baseline,gaussian_mean,mu,1.4025788269009265,0,100
727,abc_smc_baseline,gaussian_mean,mu,0.5300023377293117,100,100
728,abc_smc_baseline,gaussian_mean,mu,3.427448197815263,18,100
729,abc_smc_baseline,gaussian_mean,mu,-0.5802759738738281,71,100
730,abc_smc_baseline,gaussian_mean,mu,-2.063478192269729,80,100
731,abc_smc_baseline,gaussian_mean,mu,0.9355861040185188,92,100
732,abc_smc_baseline,gaussian_mean,mu,-3.765304670363794,20,100
733,abc_smc_baseline,gaussian_mean,mu,-0.776694093584279,2,100
734,abc_smc_baseline,gaussian_mean,mu,-4.716018501065165,80,100
735,abc_smc_baseline,gaussian_mean,mu,-2.7287239148264653,38,100
736,abc_smc_baseline,gaussian_mean,mu,-4.533417325957804,32,100
737,abc_smc_baseline,gaussian_mean,mu,-2.337191686223777,35,100
738,abc_smc_baseline,gaussian_mean,mu,0.4877546888001909,48,100
739,abc_smc_baseline,gaussian_mean,mu,-0.7310720669973154,22,100
740,abc_smc_baseline,gaussian_mean,mu,4.94921564988921,91,100
741,abc_smc_baseline,gaussian_mean,mu,1.978795028010417,45,100
742,abc_smc_baseline,gaussian_mean,mu,-0.8856193707868476,100,100
743,abc_smc_baseline,gaussian_mean,mu,-2.37869180556471,62,100
744,abc_smc_baseline,gaussian_mean,mu,1.2744927786294848,72,100
745,abc_smc_baseline,gaussian_mean,mu,-2.263251284515478,0,100
746,abc_smc_baseline,gaussian_mean,mu,-3.19122116084646,66,100
747,abc_smc_baseline,gaussian_mean,mu,4.879642401667883,100,100
748,abc_smc_baseline,gaussian_mean,mu,-3.133533738715561,23,100
749,abc_smc_baseline,gaussian_mean,mu,0.180829224767093,96,100
750,abc_smc_baseline,gaussian_mean,mu,-0.7773027485591051,7,100
751,abc_smc_baseline,gaussian_mean,mu,1.273834195663568,24,100
752,abc_smc_baseline,gaussian_mean,mu,-0.4710709844986009,0,100
753,abc_smc_baseline,gaussian_mean,mu,-2.025522290008168,0,100
754,abc_smc_baseline,gaussian_mean,mu,1.4204073333335918,62,100
755,abc_smc_baseline,gaussian_mean,mu,-4.278065271669268,60,100
756,abc_smc_baseline,gaussian_mean,mu,-1.203631772907804,8,100
757,abc_smc_baseline,gaussian_mean,mu,-3.666871005743608,9,100
758,abc_smc_baseline,gaussian_mean,mu,0.971043495489024,63,100
759,abc_smc_baseline,gaussian_mean,mu,-2.3795827136702465,77,100
760,async_propulate_abc,gaussian_mean,mu,1.4372233711637703,991,2000
761,async_propulate_abc,gaussian_mean,mu,-4.894443883757949,991,2000
762,async_propulate_abc,gaussian_mean,mu,-3.7050495693222096,2000,2000
763,async_propulate_abc,gaussian_mean,mu,-2.394021773334807,1146,2000
764,async_propulate_abc,gaussian_mean,mu,2.90212033433942,1611,2000
765,async_propulate_abc,gaussian_mean,mu,-0.948734498190552,453,2000
766,async_propulate_abc,gaussian_mean,mu,4.842199023697816,1854,2000
767,async_propulate_abc,gaussian_mean,mu,-4.065249445165265,1560,2000
768,async_propulate_abc,gaussian_mean,mu,4.808989090426055,1340,2000
769,async_propulate_abc,gaussian_mean,mu,4.529768303519434,1379,2000
770,async_propulate_abc,gaussian_mean,mu,3.1773784484214147,1357,2000
771,async_propulate_abc,gaussian_mean,mu,4.19555178335027,593,2000
772,async_propulate_abc,gaussian_mean,mu,0.3179917525751499,526,2000
773,async_propulate_abc,gaussian_mean,mu,-1.22950446134137,2000,2000
774,async_propulate_abc,gaussian_mean,mu,-1.333390662108327,641,2000
775,async_propulate_abc,gaussian_mean,mu,-3.1292494156141397,1771,2000
776,async_propulate_abc,gaussian_mean,mu,0.419474265998935,97,2000
777,async_propulate_abc,gaussian_mean,mu,2.080911921911333,1401,2000
778,async_propulate_abc,gaussian_mean,mu,4.448930507248198,771,2000
779,async_propulate_abc,gaussian_mean,mu,4.243221517022372,379,2000
780,async_propulate_abc,gaussian_mean,mu,-4.799148165581622,248,2000
781,async_propulate_abc,gaussian_mean,mu,-2.1528932409891666,550,2000
782,async_propulate_abc,gaussian_mean,mu,0.439191492751263,1735,2000
783,async_propulate_abc,gaussian_mean,mu,-3.0977445776507686,1604,2000
784,async_propulate_abc,gaussian_mean,mu,-4.043688295165959,1108,2000
785,async_propulate_abc,gaussian_mean,mu,-3.603824071198528,1073,2000
786,async_propulate_abc,gaussian_mean,mu,4.471064333642067,942,2000
787,async_propulate_abc,gaussian_mean,mu,-4.542520290797176,813,2000
788,async_propulate_abc,gaussian_mean,mu,4.657635290845024,0,2000
789,async_propulate_abc,gaussian_mean,mu,-1.814498850205084,1387,2000
790,async_propulate_abc,gaussian_mean,mu,-3.842691983693733,89,2000
791,async_propulate_abc,gaussian_mean,mu,-1.936150676206444,0,2000
792,async_propulate_abc,gaussian_mean,mu,-3.6483341454357054,926,2000
793,async_propulate_abc,gaussian_mean,mu,-0.0641169219870967,481,2000
794,async_propulate_abc,gaussian_mean,mu,1.041628705160159,441,2000
795,async_propulate_abc,gaussian_mean,mu,-3.8852223450366266,1399,2000
796,async_propulate_abc,gaussian_mean,mu,3.1018410565978805,412,2000
797,async_propulate_abc,gaussian_mean,mu,-0.726511905824454,423,2000
798,async_propulate_abc,gaussian_mean,mu,-1.9161225526096968,1876,2000
799,async_propulate_abc,gaussian_mean,mu,1.6003131673033586,606,2000
760,abc_smc_baseline,gaussian_mean,mu,1.4372233711637703,50,100
761,abc_smc_baseline,gaussian_mean,mu,-4.894443883757949,57,100
762,abc_smc_baseline,gaussian_mean,mu,-3.7050495693222096,100,100
763,abc_smc_baseline,gaussian_mean,mu,-2.394021773334807,54,100
764,abc_smc_baseline,gaussian_mean,mu,2.90212033433942,90,100
765,abc_smc_baseline,gaussian_mean,mu,-0.948734498190552,21,100
766,abc_smc_baseline,gaussian_mean,mu,4.842199023697816,96,100
767,abc_smc_baseline,gaussian_mean,mu,-4.065249445165265,88,100
768,abc_smc_baseline,gaussian_mean,mu,4.808989090426055,80,100
769,abc_smc_baseline,gaussian_mean,mu,4.529768303519434,77,100
770,abc_smc_baseline,gaussian_mean,mu,3.1773784484214147,79,100
771,abc_smc_baseline,gaussian_mean,mu,4.19555178335027,20,100
772,abc_smc_baseline,gaussian_mean,mu,0.3179917525751499,22,100
773,abc_smc_baseline,gaussian_mean,mu,-1.22950446134137,100,100
774,abc_smc_baseline,gaussian_mean,mu,-1.333390662108327,17,100
775,abc_smc_baseline,gaussian_mean,mu,-3.1292494156141397,97,100
776,abc_smc_baseline,gaussian_mean,mu,0.419474265998935,5,100
777,abc_smc_baseline,gaussian_mean,mu,2.080911921911333,83,100
778,abc_smc_baseline,gaussian_mean,mu,4.448930507248198,44,100
779,abc_smc_baseline,gaussian_mean,mu,4.243221517022372,15,100
780,abc_smc_baseline,gaussian_mean,mu,-4.799148165581622,9,100
781,abc_smc_baseline,gaussian_mean,mu,-2.1528932409891666,30,100
782,abc_smc_baseline,gaussian_mean,mu,0.439191492751263,94,100
783,abc_smc_baseline,gaussian_mean,mu,-3.0977445776507686,93,100
784,abc_smc_baseline,gaussian_mean,mu,-4.043688295165959,60,100
785,abc_smc_baseline,gaussian_mean,mu,-3.603824071198528,62,100
786,abc_smc_baseline,gaussian_mean,mu,4.471064333642067,53,100
787,abc_smc_baseline,gaussian_mean,mu,-4.542520290797176,43,100
788,abc_smc_baseline,gaussian_mean,mu,4.657635290845024,0,100
789,abc_smc_baseline,gaussian_mean,mu,-1.814498850205084,68,100
790,abc_smc_baseline,gaussian_mean,mu,-3.842691983693733,1,100
791,abc_smc_baseline,gaussian_mean,mu,-1.936150676206444,0,100
792,abc_smc_baseline,gaussian_mean,mu,-3.6483341454357054,31,100
793,abc_smc_baseline,gaussian_mean,mu,-0.0641169219870967,16,100
794,abc_smc_baseline,gaussian_mean,mu,1.041628705160159,7,100
795,abc_smc_baseline,gaussian_mean,mu,-3.8852223450366266,86,100
796,abc_smc_baseline,gaussian_mean,mu,3.1018410565978805,13,100
797,abc_smc_baseline,gaussian_mean,mu,-0.726511905824454,17,100
798,abc_smc_baseline,gaussian_mean,mu,-1.9161225526096968,100,100
799,abc_smc_baseline,gaussian_mean,mu,1.6003131673033586,14,100
800,async_propulate_abc,gaussian_mean,mu,-4.234530641624891,1897,2000
801,async_propulate_abc,gaussian_mean,mu,2.5821702472542265,1266,2000
802,async_propulate_abc,gaussian_mean,mu,-1.4451572868921394,2000,2000
803,async_propulate_abc,gaussian_mean,mu,-4.301369117685087,912,2000
804,async_propulate_abc,gaussian_mean,mu,-0.5388986067430492,0,2000
805,async_propulate_abc,gaussian_mean,mu,-4.497646117643771,1296,2000
806,async_propulate_abc,gaussian_mean,mu,1.9475901347788085,1766,2000
807,async_propulate_abc,gaussian_mean,mu,2.6689750117974045,1377,2000
808,async_propulate_abc,gaussian_mean,mu,-0.310277860786595,39,2000
809,async_propulate_abc,gaussian_mean,mu,-4.303772259646687,1052,2000
810,async_propulate_abc,gaussian_mean,mu,-3.826644288431126,1492,2000
811,async_propulate_abc,gaussian_mean,mu,-2.8929108831439687,618,2000
812,async_propulate_abc,gaussian_mean,mu,4.833249453448811,1567,2000
813,async_propulate_abc,gaussian_mean,mu,1.2092166393548869,1736,2000
814,async_propulate_abc,gaussian_mean,mu,4.498389847718643,389,2000
815,async_propulate_abc,gaussian_mean,mu,4.983162461045698,1354,2000
816,async_propulate_abc,gaussian_mean,mu,-3.78371514683364,1608,2000
817,async_propulate_abc,gaussian_mean,mu,-2.6448245005867665,852,2000
818,async_propulate_abc,gaussian_mean,mu,-3.349657702490212,1675,2000
819,async_propulate_abc,gaussian_mean,mu,-0.7164874116411237,1345,2000
820,async_propulate_abc,gaussian_mean,mu,3.269672462675162,995,2000
821,async_propulate_abc,gaussian_mean,mu,-1.384165069483323,155,2000
822,async_propulate_abc,gaussian_mean,mu,2.674014471052688,240,2000
823,async_propulate_abc,gaussian_mean,mu,-4.673294631977022,1998,2000
824,async_propulate_abc,gaussian_mean,mu,2.5565616949123307,1257,2000
825,async_propulate_abc,gaussian_mean,mu,-2.638314079096116,1476,2000
826,async_propulate_abc,gaussian_mean,mu,-0.2054891219290837,1675,2000
827,async_propulate_abc,gaussian_mean,mu,0.6804656073365543,220,2000
828,async_propulate_abc,gaussian_mean,mu,1.9084736001939089,648,2000
829,async_propulate_abc,gaussian_mean,mu,1.0035127666354366,781,2000
830,async_propulate_abc,gaussian_mean,mu,2.012225390018465,544,2000
831,async_propulate_abc,gaussian_mean,mu,4.87602191237549,776,2000
832,async_propulate_abc,gaussian_mean,mu,-4.336663192254964,1523,2000
833,async_propulate_abc,gaussian_mean,mu,4.6360909633826015,797,2000
834,async_propulate_abc,gaussian_mean,mu,-0.2887494387600187,1032,2000
835,async_propulate_abc,gaussian_mean,mu,2.666866012610601,620,2000
836,async_propulate_abc,gaussian_mean,mu,2.7496388217573378,1558,2000
837,async_propulate_abc,gaussian_mean,mu,-2.944185653754049,223,2000
838,async_propulate_abc,gaussian_mean,mu,-1.6001393266816244,895,2000
839,async_propulate_abc,gaussian_mean,mu,2.908753242000872,1326,2000
800,abc_smc_baseline,gaussian_mean,mu,-4.234530641624891,100,100
801,abc_smc_baseline,gaussian_mean,mu,2.5821702472542265,69,100
802,abc_smc_baseline,gaussian_mean,mu,-1.4451572868921394,100,100
803,abc_smc_baseline,gaussian_mean,mu,-4.301369117685087,57,100
804,abc_smc_baseline,gaussian_mean,mu,-0.5388986067430492,0,100
805,abc_smc_baseline,gaussian_mean,mu,-4.497646117643771,92,100
806,abc_smc_baseline,gaussian_mean,mu,1.9475901347788085,88,100
807,abc_smc_baseline,gaussian_mean,mu,2.6689750117974045,82,100
808,abc_smc_baseline,gaussian_mean,mu,-0.310277860786595,1,100
809,abc_smc_baseline,gaussian_mean,mu,-4.303772259646687,69,100
810,abc_smc_baseline,gaussian_mean,mu,-3.826644288431126,72,100
811,abc_smc_baseline,gaussian_mean,mu,-2.8929108831439687,22,100
812,abc_smc_baseline,gaussian_mean,mu,4.833249453448811,85,100
813,abc_smc_baseline,gaussian_mean,mu,1.2092166393548869,95,100
814,abc_smc_baseline,gaussian_mean,mu,4.498389847718643,8,100
815,abc_smc_baseline,gaussian_mean,mu,4.983162461045698,70,100
816,abc_smc_baseline,gaussian_mean,mu,-3.78371514683364,91,100
817,abc_smc_baseline,gaussian_mean,mu,-2.6448245005867665,42,100
818,abc_smc_baseline,gaussian_mean,mu,-3.349657702490212,96,100
819,abc_smc_baseline,gaussian_mean,mu,-0.7164874116411237,80,100
820,abc_smc_baseline,gaussian_mean,mu,3.269672462675162,48,100
821,abc_smc_baseline,gaussian_mean,mu,-1.384165069483323,10,100
822,abc_smc_baseline,gaussian_mean,mu,2.674014471052688,16,100
823,abc_smc_baseline,gaussian_mean,mu,-4.673294631977022,100,100
824,abc_smc_baseline,gaussian_mean,mu,2.5565616949123307,77,100
825,abc_smc_baseline,gaussian_mean,mu,-2.638314079096116,80,100
826,abc_smc_baseline,gaussian_mean,mu,-0.2054891219290837,93,100
827,abc_smc_baseline,gaussian_mean,mu,0.6804656073365543,4,100
828,abc_smc_baseline,gaussian_mean,mu,1.9084736001939089,31,100
829,abc_smc_baseline,gaussian_mean,mu,1.0035127666354366,38,100
830,abc_smc_baseline,gaussian_mean,mu,2.012225390018465,19,100
831,abc_smc_baseline,gaussian_mean,mu,4.87602191237549,11,100
832,abc_smc_baseline,gaussian_mean,mu,-4.336663192254964,77,100
833,abc_smc_baseline,gaussian_mean,mu,4.6360909633826015,32,100
834,abc_smc_baseline,gaussian_mean,mu,-0.2887494387600187,75,100
835,abc_smc_baseline,gaussian_mean,mu,2.666866012610601,20,100
836,abc_smc_baseline,gaussian_mean,mu,2.7496388217573378,91,100
837,abc_smc_baseline,gaussian_mean,mu,-2.944185653754049,13,100
838,abc_smc_baseline,gaussian_mean,mu,-1.6001393266816244,59,100
839,abc_smc_baseline,gaussian_mean,mu,2.908753242000872,62,100
840,async_propulate_abc,gaussian_mean,mu,-1.4344118873263645,1081,2000
841,async_propulate_abc,gaussian_mean,mu,-0.9549000322180144,166,2000
842,async_propulate_abc,gaussian_mean,mu,-0.9476513782253616,1083,2000
843,async_propulate_abc,gaussian_mean,mu,0.9861759436606264,1847,2000
844,async_propulate_abc,gaussian_mean,mu,-3.5402177795764667,705,2000
845,async_propulate_abc,gaussian_mean,mu,-2.253524530860822,1672,2000
846,async_propulate_abc,gaussian_mean,mu,3.1969796444022567,1906,2000
847,async_propulate_abc,gaussian_mean,mu,2.486736246938749,834,2000
848,async_propulate_abc,gaussian_mean,mu,-1.9171799540224344,1545,2000
849,async_propulate_abc,gaussian_mean,mu,1.4929140555651834,1245,2000
850,async_propulate_abc,gaussian_mean,mu,-3.0737621853678663,76,2000
851,async_propulate_abc,gaussian_mean,mu,-4.721960868067651,994,2000
852,async_propulate_abc,gaussian_mean,mu,0.0893167703822062,825,2000
853,async_propulate_abc,gaussian_mean,mu,0.8995784640313822,696,2000
854,async_propulate_abc,gaussian_mean,mu,-2.930479220043255,375,2000
855,async_propulate_abc,gaussian_mean,mu,-4.648416932443143,112,2000
856,async_propulate_abc,gaussian_mean,mu,-3.873307175642171,785,2000
857,async_propulate_abc,gaussian_mean,mu,-0.6840337138821599,872,2000
858,async_propulate_abc,gaussian_mean,mu,-3.849814445305185,1610,2000
859,async_propulate_abc,gaussian_mean,mu,-3.595320696876452,593,2000
860,async_propulate_abc,gaussian_mean,mu,-2.5314955547767646,695,2000
861,async_propulate_abc,gaussian_mean,mu,4.800723641220589,532,2000
862,async_propulate_abc,gaussian_mean,mu,-3.675997117055053,234,2000
863,async_propulate_abc,gaussian_mean,mu,0.1940478475656402,1756,2000
864,async_propulate_abc,gaussian_mean,mu,1.901454465061433,905,2000
865,async_propulate_abc,gaussian_mean,mu,-2.752376547048555,1864,2000
866,async_propulate_abc,gaussian_mean,mu,-4.353062882312534,737,2000
867,async_propulate_abc,gaussian_mean,mu,-1.613862142342244,987,2000
868,async_propulate_abc,gaussian_mean,mu,-3.5925654749894367,1130,2000
869,async_propulate_abc,gaussian_mean,mu,3.0554257071501194,1127,2000
870,async_propulate_abc,gaussian_mean,mu,2.4943882455265545,1812,2000
871,async_propulate_abc,gaussian_mean,mu,1.291759990169142,215,2000
872,async_propulate_abc,gaussian_mean,mu,-1.639403043788375,1149,2000
873,async_propulate_abc,gaussian_mean,mu,-3.305393631520823,1160,2000
874,async_propulate_abc,gaussian_mean,mu,1.7928937980598425,309,2000
875,async_propulate_abc,gaussian_mean,mu,4.176350474756166,1889,2000
876,async_propulate_abc,gaussian_mean,mu,-3.184655433021032,144,2000
877,async_propulate_abc,gaussian_mean,mu,-2.9349219096181844,1083,2000
878,async_propulate_abc,gaussian_mean,mu,4.181478559949737,1185,2000
879,async_propulate_abc,gaussian_mean,mu,4.527408176721604,735,2000
840,abc_smc_baseline,gaussian_mean,mu,-1.4344118873263645,54,100
841,abc_smc_baseline,gaussian_mean,mu,-0.9549000322180144,2,100
842,abc_smc_baseline,gaussian_mean,mu,-0.9476513782253616,44,100
843,abc_smc_baseline,gaussian_mean,mu,0.9861759436606264,95,100
844,abc_smc_baseline,gaussian_mean,mu,-3.5402177795764667,40,100
845,abc_smc_baseline,gaussian_mean,mu,-2.253524530860822,91,100
846,abc_smc_baseline,gaussian_mean,mu,3.1969796444022567,100,100
847,abc_smc_baseline,gaussian_mean,mu,2.486736246938749,40,100
848,abc_smc_baseline,gaussian_mean,mu,-1.9171799540224344,90,100
849,abc_smc_baseline,gaussian_mean,mu,1.4929140555651834,78,100
850,abc_smc_baseline,gaussian_mean,mu,-3.0737621853678663,0,100
851,abc_smc_baseline,gaussian_mean,mu,-4.721960868067651,43,100
852,abc_smc_baseline,gaussian_mean,mu,0.0893167703822062,34,100
853,abc_smc_baseline,gaussian_mean,mu,0.8995784640313822,22,100
854,abc_smc_baseline,gaussian_mean,mu,-2.930479220043255,11,100
855,abc_smc_baseline,gaussian_mean,mu,-4.648416932443143,3,100
856,abc_smc_baseline,gaussian_mean,mu,-3.873307175642171,20,100
857,abc_smc_baseline,gaussian_mean,mu,-0.6840337138821599,38,100
858,abc_smc_baseline,gaussian_mean,mu,-3.849814445305185,90,100
859,abc_smc_baseline,gaussian_mean,mu,-3.595320696876452,9,100
860,abc_smc_baseline,gaussian_mean,mu,-2.5314955547767646,31,100
861,abc_smc_baseline,gaussian_mean,mu,4.800723641220589,15,100
862,abc_smc_baseline,gaussian_mean,mu,-3.675997117055053,5,100
863,abc_smc_baseline,gaussian_mean,mu,0.1940478475656402,80,100
864,abc_smc_baseline,gaussian_mean,mu,1.901454465061433,43,100
865,abc_smc_baseline,gaussian_mean,mu,-2.752376547048555,94,100
866,abc_smc_baseline,gaussian_mean,mu,-4.353062882312534,24,100
867,abc_smc_baseline,gaussian_mean,mu,-1.613862142342244,46,100
868,abc_smc_baseline,gaussian_mean,mu,-3.5925654749894367,53,100
869,abc_smc_baseline,gaussian_mean,mu,3.0554257071501194,74,100
870,abc_smc_baseline,gaussian_mean,mu,2.4943882455265545,95,100
871,abc_smc_baseline,gaussian_mean,mu,1.291759990169142,7,100
872,abc_smc_baseline,gaussian_mean,mu,-1.639403043788375,56,100
873,abc_smc_baseline,gaussian_mean,mu,-3.305393631520823,73,100
874,abc_smc_baseline,gaussian_mean,mu,1.7928937980598425,5,100
875,abc_smc_baseline,gaussian_mean,mu,4.176350474756166,100,100
876,abc_smc_baseline,gaussian_mean,mu,-3.184655433021032,3,100
877,abc_smc_baseline,gaussian_mean,mu,-2.9349219096181844,35,100
878,abc_smc_baseline,gaussian_mean,mu,4.181478559949737,47,100
879,abc_smc_baseline,gaussian_mean,mu,4.527408176721604,34,100
880,async_propulate_abc,gaussian_mean,mu,0.5854509566687582,523,2000
881,async_propulate_abc,gaussian_mean,mu,3.498401789985481,171,2000
882,async_propulate_abc,gaussian_mean,mu,-1.867007804255597,1129,2000
883,async_propulate_abc,gaussian_mean,mu,-1.8543469839759763,1945,2000
884,async_propulate_abc,gaussian_mean,mu,1.8924976029924263,1268,2000
885,async_propulate_abc,gaussian_mean,mu,-2.6224739224818485,1862,2000
886,async_propulate_abc,gaussian_mean,mu,-4.791933768041393,1846,2000
887,async_propulate_abc,gaussian_mean,mu,-1.004029182446613,348,2000
888,async_propulate_abc,gaussian_mean,mu,-0.7399719219209349,323,2000
889,async_propulate_abc,gaussian_mean,mu,-4.2599038635719815,693,2000
890,async_propulate_abc,gaussian_mean,mu,-2.9597237735218265,411,2000
891,async_propulate_abc,gaussian_mean,mu,-1.588382323743133,1504,2000
892,async_propulate_abc,gaussian_mean,mu,-0.8368939813417775,1452,2000
893,async_propulate_abc,gaussian_mean,mu,3.4130240352116044,99,2000
894,async_propulate_abc,gaussian_mean,mu,-4.090233573797067,1266,2000
895,async_propulate_abc,gaussian_mean,mu,4.263272109075588,1845,2000
896,async_propulate_abc,gaussian_mean,mu,-2.797923500959936,463,2000
897,async_propulate_abc,gaussian_mean,mu,3.7450544908250514,1006,2000
898,async_propulate_abc,gaussian_mean,mu,0.9803456063582344,1592,2000
899,async_propulate_abc,gaussian_mean,mu,2.8932451166186866,1736,2000
900,async_propulate_abc,gaussian_mean,mu,4.002033696148086,152,2000
901,async_propulate_abc,gaussian_mean,mu,-2.91588275038031,319,2000
902,async_propulate_abc,gaussian_mean,mu,0.9132217757473952,1816,2000
903,async_propulate_abc,gaussian_mean,mu,-4.300349862405684,91,2000
904,async_propulate_abc,gaussian_mean,mu,-0.6085744347790412,1194,2000
905,async_propulate_abc,gaussian_mean,mu,1.2006027564790642,100,2000
906,async_propulate_abc,gaussian_mean,mu,-3.297873369092791,780,2000
907,async_propulate_abc,gaussian_mean,mu,-3.0606366592917214,1346,2000
908,async_propulate_abc,gaussian_mean,mu,3.562705617671849,355,2000
909,async_propulate_abc,gaussian_mean,mu,1.2846117863488784,1497,2000
910,async_propulate_abc,gaussian_mean,mu,2.707598943310608,1089,2000
911,async_propulate_abc,gaussian_mean,mu,-4.336936466908162,782,2000
912,async_propulate_abc,gaussian_mean,mu,0.2615525213747585,266,2000
913,async_propulate_abc,gaussian_mean,mu,0.6296970762834428,1616,2000
914,async_propulate_abc,gaussian_mean,mu,2.257134949793832,1496,2000
915,async_propulate_abc,gaussian_mean,mu,2.061001886154413,1421,2000
916,async_propulate_abc,gaussian_mean,mu,0.0030598929524838,1673,2000
917,async_propulate_abc,gaussian_mean,mu,-0.4435516183967625,402,2000
918,async_propulate_abc,gaussian_mean,mu,-1.6294826064705037,1611,2000
919,async_propulate_abc,gaussian_mean,mu,-0.8703679736283014,1804,2000
880,abc_smc_baseline,gaussian_mean,mu,0.5854509566687582,24,100
881,abc_smc_baseline,gaussian_mean,mu,3.498401789985481,1,100
882,abc_smc_baseline,gaussian_mean,mu,-1.867007804255597,54,100
883,abc_smc_baseline,gaussian_mean,mu,-1.8543469839759763,100,100
884,abc_smc_baseline,gaussian_mean,mu,1.8924976029924263,77,100
885,abc_smc_baseline,gaussian_mean,mu,-2.6224739224818485,92,100
886,abc_smc_baseline,gaussian_mean,mu,-4.791933768041393,99,100
887,abc_smc_baseline,gaussian_mean,mu,-1.004029182446613,4,100
888,abc_smc_baseline,gaussian_mean,mu,-0.7399719219209349,5,100
889,abc_smc_baseline,gaussian_mean,mu,-4.2599038635719815,23,100
890,abc_smc_baseline,gaussian_mean,mu,-2.9597237735218265,9,100
891,abc_smc_baseline,gaussian_mean,mu,-1.588382323743133,79,100
892,abc_smc_baseline,gaussian_mean,mu,-0.8368939813417775,91,100
893,abc_smc_baseline,gaussian_mean,mu,3.4130240352116044,1,100
894,abc_smc_baseline,gaussian_mean,mu,-4.090233573797067,80,100
895,abc_smc_baseline,gaussian_mean,mu,4.263272109075588,98,100
896,abc_smc_baseline,gaussian_mean,mu,-2.797923500959936,7,100
897,abc_smc_baseline,gaussian_mean,mu,3.7450544908250514,52,100
898,abc_smc_baseline,gaussian_mean,mu,0.9803456063582344,91,100
899,abc_smc_baseline,gaussian_mean,mu,2.8932451166186866,93,100
900,abc_smc_baseline,gaussian_mean,mu,4.002033696148086,3,100
901,abc_smc_baseline,gaussian_mean,mu,-2.91588275038031,13,100
902,abc_smc_baseline,gaussian_mean,mu,0.9132217757473952,99,100
903,abc_smc_baseline,gaussian_mean,mu,-4.300349862405684,6,100
904,abc_smc_baseline,gaussian_mean,mu,-0.6085744347790412,65,100
905,abc_smc_baseline,gaussian_mean,mu,1.2006027564790642,0,100
906,abc_smc_baseline,gaussian_mean,mu,-3.297873369092791,31,100
907,abc_smc_baseline,gaussian_mean,mu,-3.0606366592917214,77,100
908,abc_smc_baseline,gaussian_mean,mu,3.562705617671849,8,100
909,abc_smc_baseline,gaussian_mean,mu,1.2846117863488784,89,100
910,abc_smc_baseline,gaussian_mean,mu,2.707598943310608,41,100
911,abc_smc_baseline,gaussian_mean,mu,-4.336936466908162,30,100
912,abc_smc_baseline,gaussian_mean,mu,0.2615525213747585,5,100
913,abc_smc_baseline,gaussian_mean,mu,0.6296970762834428,84,100
914,abc_smc_baseline,gaussian_mean,mu,2.257134949793832,84,100
915,abc_smc_baseline,gaussian_mean,mu,2.061001886154413,76,100
916,abc_smc_baseline,gaussian_mean,mu,0.0030598929524838,87,100
917,abc_smc_baseline,gaussian_mean,mu,-0.4435516183967625,15,100
918,abc_smc_baseline,gaussian_mean,mu,-1.6294826064705037,99,100
919,abc_smc_baseline,gaussian_mean,mu,-0.8703679736283014,93,100
920,async_propulate_abc,gaussian_mean,mu,-0.8329465187675513,1846,2000
921,async_propulate_abc,gaussian_mean,mu,0.5543985103601408,0,2000
922,async_propulate_abc,gaussian_mean,mu,2.0167085292898923,194,2000
923,async_propulate_abc,gaussian_mean,mu,-1.3108215102017096,457,2000
924,async_propulate_abc,gaussian_mean,mu,2.969632754164202,657,2000
925,async_propulate_abc,gaussian_mean,mu,-1.7950262446780396,670,2000
926,async_propulate_abc,gaussian_mean,mu,-0.0149563603241258,212,2000
927,async_propulate_abc,gaussian_mean,mu,0.5590559113279827,1449,2000
928,async_propulate_abc,gaussian_mean,mu,-2.8899161612927005,838,2000
929,async_propulate_abc,gaussian_mean,mu,4.732782021902441,1288,2000
930,async_propulate_abc,gaussian_mean,mu,-1.1788791887661687,1303,2000
931,async_propulate_abc,gaussian_mean,mu,4.576288922296753,563,2000
932,async_propulate_abc,gaussian_mean,mu,-3.2253271806504835,988,2000
933,async_propulate_abc,gaussian_mean,mu,3.764888936153629,823,2000
934,async_propulate_abc,gaussian_mean,mu,-3.9657428000153216,1084,2000
935,async_propulate_abc,gaussian_mean,mu,-3.859516146915868,1773,2000
936,async_propulate_abc,gaussian_mean,mu,-3.7426974628685663,621,2000
937,async_propulate_abc,gaussian_mean,mu,1.7908090489296242,733,2000
938,async_propulate_abc,gaussian_mean,mu,-4.146694986937234,885,2000
939,async_propulate_abc,gaussian_mean,mu,4.158332750729789,1787,2000
940,async_propulate_abc,gaussian_mean,mu,-4.784939827160213,1475,2000
941,async_propulate_abc,gaussian_mean,mu,-3.0936930146638373,1343,2000
942,async_propulate_abc,gaussian_mean,mu,4.48011099944895,479,2000
943,async_propulate_abc,gaussian_mean,mu,-1.897427495087688,273,2000
944,async_propulate_abc,gaussian_mean,mu,-0.2334088431310803,739,2000
945,async_propulate_abc,gaussian_mean,mu,2.5027374839856247,1330,2000
946,async_propulate_abc,gaussian_mean,mu,-2.7885792419742748,483,2000
947,async_propulate_abc,gaussian_mean,mu,1.8073170594213392,1915,2000
948,async_propulate_abc,gaussian_mean,mu,2.3588623586838047,1605,2000
949,async_propulate_abc,gaussian_mean,mu,-1.6072256456436342,136,2000
950,async_propulate_abc,gaussian_mean,mu,3.704618115659935,153,2000
951,async_propulate_abc,gaussian_mean,mu,3.665894723065428,1903,2000
952,async_propulate_abc,gaussian_mean,mu,-4.780249945941183,1899,2000
953,async_propulate_abc,gaussian_mean,mu,0.3918370325221998,1540,2000
954,async_propulate_abc,gaussian_mean,mu,-0.1990078380609627,569,2000
955,async_propulate_abc,gaussian_mean,mu,-4.703266253801647,690,2000
956,async_propulate_abc,gaussian_mean,mu,-4.830241945396496,1000,2000
957,async_propulate_abc,gaussian_mean,mu,-3.7035811683168207,863,2000
958,async_propulate_abc,gaussian_mean,mu,1.7447442987507653,132,2000
959,async_propulate_abc,gaussian_mean,mu,-1.8605078987538128,463,2000
920,abc_smc_baseline,gaussian_mean,mu,-0.8329465187675513,94,100
921,abc_smc_baseline,gaussian_mean,mu,0.5543985103601408,0,100
922,abc_smc_baseline,gaussian_mean,mu,2.0167085292898923,6,100
923,abc_smc_baseline,gaussian_mean,mu,-1.3108215102017096,15,100
924,abc_smc_baseline,gaussian_mean,mu,2.969632754164202,30,100
925,abc_smc_baseline,gaussian_mean,mu,-1.7950262446780396,32,100
926,abc_smc_baseline,gaussian_mean,mu,-0.0149563603241258,6,100
927,abc_smc_baseline,gaussian_mean,mu,0.5590559113279827,88,100
928,abc_smc_baseline,gaussian_mean,mu,-2.8899161612927005,55,100
929,abc_smc_baseline,gaussian_mean,mu,4.732782021902441,65,100
930,abc_smc_baseline,gaussian_mean,mu,-1.1788791887661687,69,100
931,abc_smc_baseline,gaussian_mean,mu,4.576288922296753,23,100
932,abc_smc_baseline,gaussian_mean,mu,-3.2253271806504835,52,100
933,abc_smc_baseline,gaussian_mean,mu,3.764888936153629,38,100
934,abc_smc_baseline,gaussian_mean,mu,-3.9657428000153216,52,100
935,abc_smc_baseline,gaussian_mean,mu,-3.859516146915868,91,100
936,abc_smc_baseline,gaussian_mean,mu,-3.7426974628685663,21,100
937,abc_smc_baseline,gaussian_mean,mu,1.7908090489296242,14,100
938,abc_smc_baseline,gaussian_mean,mu,-4.146694986937234,27,100
939,abc_smc_baseline,gaussian_mean,mu,4.158332750729789,88,100
940,abc_smc_baseline,gaussian_mean,mu,-4.784939827160213,67,100
941,abc_smc_baseline,gaussian_mean,mu,-3.0936930146638373,71,100
942,abc_smc_baseline,gaussian_mean,mu,4.48011099944895,11,100
943,abc_smc_baseline,gaussian_mean,mu,-1.897427495087688,7,100
944,abc_smc_baseline,gaussian_mean,mu,-0.2334088431310803,39,100
945,abc_smc_baseline,gaussian_mean,mu,2.5027374839856247,88,100
946,abc_smc_baseline,gaussian_mean,mu,-2.7885792419742748,21,100
947,abc_smc_baseline,gaussian_mean,mu,1.8073170594213392,95,100
948,abc_smc_baseline,gaussian_mean,mu,2.3588623586838047,75,100
949,abc_smc_baseline,gaussian_mean,mu,-1.6072256456436342,4,100
950,abc_smc_baseline,gaussian_mean,mu,3.704618115659935,1,100
951,abc_smc_baseline,gaussian_mean,mu,3.665894723065428,99,100
952,abc_smc_baseline,gaussian_mean,mu,-4.780249945941183,100,100
953,abc_smc_baseline,gaussian_mean,mu,0.3918370325221998,72,100
954,abc_smc_baseline,gaussian_mean,mu,-0.1990078380609627,23,100
955,abc_smc_baseline,gaussian_mean,mu,-4.703266253801647,30,100
956,abc_smc_baseline,gaussian_mean,mu,-4.830241945396496,57,100
957,abc_smc_baseline,gaussian_mean,mu,-3.7035811683168207,46,100
958,abc_smc_baseline,gaussian_mean,mu,1.7447442987507653,0,100
959,abc_smc_baseline,gaussian_mean,mu,-1.8605078987538128,31,100
960,async_propulate_abc,gaussian_mean,mu,1.9481184245660463,1614,2000
961,async_propulate_abc,gaussian_mean,mu,-0.3787756648939799,732,2000
962,async_propulate_abc,gaussian_mean,mu,-4.575971231175156,1804,2000
963,async_propulate_abc,gaussian_mean,mu,-2.729044795835976,1564,2000
964,async_propulate_abc,gaussian_mean,mu,-4.349229119254929,1013,2000
965,async_propulate_abc,gaussian_mean,mu,4.407579879505889,1326,2000
966,async_propulate_abc,gaussian_mean,mu,4.839167737826092,867,2000
967,async_propulate_abc,gaussian_mean,mu,0.5780058352334407,1400,2000
968,async_propulate_abc,gaussian_mean,mu,3.3828126499793427,1379,2000
969,async_propulate_abc,gaussian_mean,mu,-2.8502700177373983,132,2000
970,async_propulate_abc,gaussian_mean,mu,-2.077765429827366,1346,2000
971,async_propulate_abc,gaussian_mean,mu,-3.2265414923571445,1152,2000
972,async_propulate_abc,gaussian_mean,mu,1.4201724635036737,44,2000
973,async_propulate_abc,gaussian_mean,mu,-1.248508472212043,672,2000
974,async_propulate_abc,gaussian_mean,mu,1.385165969190968,1488,2000
975,async_propulate_abc,gaussian_mean,mu,4.304650648191343,476,2000
976,async_propulate_abc,gaussian_mean,mu,-3.3678285400714394,186,2000
977,async_propulate_abc,gaussian_mean,mu,2.6069615781743,916,2000
978,async_propulate_abc,gaussian_mean,mu,-1.242469699769683,1822,2000
979,async_propulate_abc,gaussian_mean,mu,-3.2382638877541945,1557,2000
980,async_propulate_abc,gaussian_mean,mu,4.547791725404245,1059,2000
981,async_propulate_abc,gaussian_mean,mu,1.1337376625393762,97,2000
982,async_propulate_abc,gaussian_mean,mu,-0.078762163444721,798,2000
983,async_propulate_abc,gaussian_mean,mu,-4.333212787166182,1328,2000
984,async_propulate_abc,gaussian_mean,mu,-4.403920300387561,294,2000
985,async_propulate_abc,gaussian_mean,mu,4.491319032913593,1961,2000
986,async_propulate_abc,gaussian_mean,mu,-1.865444971322804,947,2000
987,async_propulate_abc,gaussian_mean,mu,-1.2908534643602456,751,2000
988,async_propulate_abc,gaussian_mean,mu,0.1046414183325534,1695,2000
989,async_propulate_abc,gaussian_mean,mu,-2.4311408445360305,333,2000
990,async_propulate_abc,gaussian_mean,mu,4.288511140863635,1272,2000
991,async_propulate_abc,gaussian_mean,mu,-3.994701511408856,632,2000
992,async_propulate_abc,gaussian_mean,mu,1.4329634422285311,461,2000
993,async_propulate_abc,gaussian_mean,mu,-3.5186241750716407,781,2000
994,async_propulate_abc,gaussian_mean,mu,3.043734787219828,2000,2000
995,async_propulate_abc,gaussian_mean,mu,2.161887688999661,434,2000
996,async_propulate_abc,gaussian_mean,mu,3.579000644046184,1266,2000
997,async_propulate_abc,gaussian_mean,mu,-2.3126628616138234,1820,2000
998,async_propulate_abc,gaussian_mean,mu,-3.319582901377238,1660,2000
999,async_propulate_abc,gaussian_mean,mu,-1.03405871232098,1136,2000
960,abc_smc_baseline,gaussian_mean,mu,1.9481184245660463,88,100
961,abc_smc_baseline,gaussian_mean,mu,-0.3787756648939799,33,100
962,abc_smc_baseline,gaussian_mean,mu,-4.575971231175156,100,100
963,abc_smc_baseline,gaussian_mean,mu,-2.729044795835976,80,100
964,abc_smc_baseline,gaussian_mean,mu,-4.349229119254929,35,100
965,abc_smc_baseline,gaussian_mean,mu,4.407579879505889,76,100
966,abc_smc_baseline,gaussian_mean,mu,4.839167737826092,45,100
967,abc_smc_baseline,gaussian_mean,mu,0.5780058352334407,69,100
968,abc_smc_baseline,gaussian_mean,mu,3.3828126499793427,75,100
969,abc_smc_baseline,gaussian_mean,mu,-2.8502700177373983,0,100
970,abc_smc_baseline,gaussian_mean,mu,-2.077765429827366,76,100
971,abc_smc_baseline,gaussian_mean,mu,-3.2265414923571445,51,100
972,abc_smc_baseline,gaussian_mean,mu,1.4201724635036737,0,100
973,abc_smc_baseline,gaussian_mean,mu,-1.248508472212043,19,100
974,abc_smc_baseline,gaussian_mean,mu,1.385165969190968,93,100
975,abc_smc_baseline,gaussian_mean,mu,4.304650648191343,16,100
976,abc_smc_baseline,gaussian_mean,mu,-3.3678285400714394,0,100
977,abc_smc_baseline,gaussian_mean,mu,2.6069615781743,40,100
978,abc_smc_baseline,gaussian_mean,mu,-1.242469699769683,88,100
979,abc_smc_baseline,gaussian_mean,mu,-3.2382638877541945,92,100
980,abc_smc_baseline,gaussian_mean,mu,4.547791725404245,63,100
981,abc_smc_baseline,gaussian_mean,mu,1.1337376625393762,0,100
982,abc_smc_baseline,gaussian_mean,mu,-0.078762163444721,29,100
983,abc_smc_baseline,gaussian_mean,mu,-4.333212787166182,69,100
984,abc_smc_baseline,gaussian_mean,mu,-4.403920300387561,6,100
985,abc_smc_baseline,gaussian_mean,mu,4.491319032913593,98,100
986,abc_smc_baseline,gaussian_mean,mu,-1.865444971322804,39,100
987,abc_smc_baseline,gaussian_mean,mu,-1.2908534643602456,63,100
988,abc_smc_baseline,gaussian_mean,mu,0.1046414183325534,89,100
989,abc_smc_baseline,gaussian_mean,mu,-2.4311408445360305,5,100
990,abc_smc_baseline,gaussian_mean,mu,4.288511140863635,61,100
991,abc_smc_baseline,gaussian_mean,mu,-3.994701511408856,25,100
992,abc_smc_baseline,gaussian_mean,mu,1.4329634422285311,7,100
993,abc_smc_baseline,gaussian_mean,mu,-3.5186241750716407,50,100
994,abc_smc_baseline,gaussian_mean,mu,3.043734787219828,100,100
995,abc_smc_baseline,gaussian_mean,mu,2.161887688999661,15,100
996,abc_smc_baseline,gaussian_mean,mu,3.579000644046184,52,100
997,abc_smc_baseline,gaussian_mean,mu,-2.3126628616138234,97,100
998,abc_smc_baseline,gaussian_mean,mu,-3.319582901377238,93,100
999,abc_smc_baseline,gaussian_mean,mu,-1.03405871232098,47,100
