benchmark,method,replicate,n,eps,n_sims,wall_s,mean_sim_s
gaussian_mean,sync,0,200,2.8395427034058915,4877190,299.9999282360077,9.864030510028879e-05
gaussian_mean,sync,0,237,2.277917293190415,4877190,299.9999282360077,9.864030510028879e-05
gaussian_mean,sync,0,281,1.862745741433517,4877190,299.9999282360077,9.864030510028879e-05
gaussian_mean,sync,0,334,1.599832577198521,4877190,299.9999282360077,9.864030510028879e-05
gaussian_mean,sync,0,396,1.18328283510278,4877190,299.9999282360077,9.864030510028879e-05
gaussian_mean,sync,0,470,1.0246314680381288,4877190,299.9999282360077,9.864030510028879e-05
gaussian_mean,sync,0,558,0.8895198539828206,4877190,299.9999282360077,9.864030510028879e-05
gaussian_mean,sync,0,663,0.6860009253153979,4877190,299.9999282360077,9.864030510028879e-05
gaussian_mean,sync,0,786,0.5438236837501752,4877190,299.9999282360077,9.864030510028879e-05
gaussian_mean,sync,0,933,0.3768063640722362,4877190,299.9999282360077,9.864030510028879e-05
gaussian_mean,sync,0,1108,0.2626471448571699,4877190,299.9999282360077,9.864030510028879e-05
gaussian_mean,sync,0,1315,0.1955406712860419,4877190,299.9999282360077,9.864030510028879e-05
gaussian_mean,sync,0,1560,0.1291707144285248,4877190,299.9999282360077,9.864030510028879e-05
gaussian_mean,sync,0,1852,0.0831273864749584,4877190,299.9999282360077,9.864030510028879e-05
gaussian_mean,sync,0,2198,0.0529895781039002,4877190,299.9999282360077,9.864030510028879e-05
gaussian_mean,sync,0,2608,0.0332829353735761,4877190,299.9999282360077,9.864030510028879e-05
gaussian_mean,sync,0,3095,0.0196325845942194,4877190,299.9999282360077,9.864030510028879e-05
gaussian_mean,sync,0,3673,0.0127895129875891,4877190,299.9999282360077,9.864030510028879e-05
gaussian_mean,sync,0,4359,0.0088576704909216,4877190,299.9999282360077,9.864030510028879e-05
gaussian_mean,sync,0,5174,0.0062372996265385,4877190,299.9999282360077,9.864030510028879e-05
gaussian_mean,sync,0,6140,0.0043519408517317,4877190,299.9999282360077,9.864030510028879e-05
gaussian_mean,sync,0,7287,0.0036708899785714,4877190,299.9999282360077,9.864030510028879e-05
gaussian_mean,sync,0,8647,0.0025130594629089,4877190,299.9999282360077,9.864030510028879e-05
gaussian_mean,sync,0,10262,0.0019960510477079,4877190,299.9999282360077,9.864030510028879e-05
gaussian_mean,sync,0,12179,0.0017297452851527,4877190,299.9999282360077,9.864030510028879e-05
gaussian_mean,sync,0,14453,0.0014843142378947,4877190,299.9999282360077,9.864030510028879e-05
gaussian_mean,sync,0,17153,0.0013593053906102,4877190,299.9999282360077,9.864030510028879e-05
gaussian_mean,sync,0,20356,0.0010923341209397,4877190,299.9999282360077,9.864030510028879e-05
gaussian_mean,sync,0,24158,0.0009177968023074,4877190,299.9999282360077,9.864030510028879e-05
gaussian_mean,sync,0,28669,0.0008026998381154,4877190,299.9999282360077,9.864030510028879e-05
gaussian_mean,sync,0,34023,0.0005823488611519,4877190,299.9999282360077,9.864030510028879e-05
gaussian_mean,sync,0,40377,0.0004793816136537,4877190,299.9999282360077,9.864030510028879e-05
gaussian_mean,sync,0,47917,0.0003950276775767,4877190,299.9999282360077,9.864030510028879e-05
gaussian_mean,sync,0,56866,0.0002905441004646,4877190,299.9999282360077,9.864030510028879e-05
gaussian_mean,sync,0,67485,0.0002616814782747,4877190,299.9999282360077,9.864030510028879e-05
gaussian_mean,sync,0,80088,0.0002342465794892,4877190,299.9999282360077,9.864030510028879e-05
gaussian_mean,sync,0,95044,0.0002159399020499,4877190,299.9999282360077,9.864030510028879e-05
gaussian_mean,sync,0,112794,0.0001864107186613,4877190,299.9999282360077,9.864030510028879e-05
gaussian_mean,sync,0,133858,0.000157273750216,4877190,299.9999282360077,9.864030510028879e-05
gaussian_mean,sync,0,158856,0.0001341013936388,4877190,299.9999282360077,9.864030510028879e-05
gaussian_mean,sync,0,188521,0.0001010583037158,4877190,299.9999282360077,9.864030510028879e-05
gaussian_mean,sync,0,223727,8.243640453763773e-05,4877190,299.9999282360077,9.864030510028879e-05
gaussian_mean,sync,0,265508,6.356850816522513e-05,4877190,299.9999282360077,9.864030510028879e-05
gaussian_mean,sync,0,315091,5.67954239510185e-05,4877190,299.9999282360077,9.864030510028879e-05
gaussian_mean,sync,0,373934,4.501502523097944e-05,4877190,299.9999282360077,9.864030510028879e-05
gaussian_mean,sync,0,443765,3.670960184234268e-05,4877190,299.9999282360077,9.864030510028879e-05
gaussian_mean,sync,0,526637,3.310276136819085e-05,4877190,299.9999282360077,9.864030510028879e-05
gaussian_mean,sync,0,624985,2.818149156569305e-05,4877190,299.9999282360077,9.864030510028879e-05
gaussian_mean,sync,0,741700,2.571171519463039e-05,4877190,299.9999282360077,9.864030510028879e-05
gaussian_mean,sync,0,880210,2.179105598407172e-05,4877190,299.9999282360077,9.864030510028879e-05
gaussian_mean,sync,0,1044587,1.7627344894063923e-05,4877190,299.9999282360077,9.864030510028879e-05
gaussian_mean,sync,0,1239661,1.4474142827562708e-05,4877190,299.9999282360077,9.864030510028879e-05
gaussian_mean,sync,0,1471165,1.3234583634502696e-05,4877190,299.9999282360077,9.864030510028879e-05
gaussian_mean,sync,0,1745902,1.1638013095380262e-05,4877190,299.9999282360077,9.864030510028879e-05
gaussian_mean,sync,0,2071944,9.454122513311014e-06,4877190,299.9999282360077,9.864030510028879e-05
gaussian_mean,sync,0,2458875,8.328801162540977e-06,4877190,299.9999282360077,9.864030510028879e-05
gaussian_mean,sync,0,2918063,7.25030228071466e-06,4877190,299.9999282360077,9.864030510028879e-05
gaussian_mean,sync,0,3463004,5.825132597524207e-06,4877190,299.9999282360077,9.864030510028879e-05
gaussian_mean,sync,0,4109711,4.916304032258345e-06,4877190,299.9999282360077,9.864030510028879e-05
gaussian_mean,sync,0,4877190,4.404797096450863e-06,4877190,299.9999282360077,9.864030510028879e-05
gaussian_mean,sync,1,200,2.1713145497598108,4331934,299.99959993362427,9.802788680269003e-05
gaussian_mean,sync,1,236,1.9134166885038808,4331934,299.99959993362427,9.802788680269003e-05
gaussian_mean,sync,1,280,1.4294237600381705,4331934,299.99959993362427,9.802788680269003e-05
gaussian_mean,sync,1,332,1.0833900884291312,4331934,299.99959993362427,9.802788680269003e-05
gaussian_mean,sync,1,393,0.9445351803012628,4331934,299.99959993362427,9.802788680269003e-05
gaussian_mean,sync,1,466,0.6801134139579431,4331934,299.99959993362427,9.802788680269003e-05
gaussian_mean,sync,1,552,0.5185082753707572,4331934,299.99959993362427,9.802788680269003e-05
gaussian_mean,sync,1,653,0.4495312554418243,4331934,299.99959993362427,9.802788680269003e-05
gaussian_mean,sync,1,774,0.3362816689213863,4331934,299.99959993362427,9.802788680269003e-05
gaussian_mean,sync,1,917,0.2589762675221276,4331934,299.99959993362427,9.802788680269003e-05
gaussian_mean,sync,1,1086,0.1962360653215717,4331934,299.99959993362427,9.802788680269003e-05
gaussian_mean,sync,1,1286,0.1512203576901942,4331934,299.99959993362427,9.802788680269003e-05
gaussian_mean,sync,1,1523,0.1044406194752924,4331934,299.99959993362427,9.802788680269003e-05
gaussian_mean,sync,1,1804,0.0800041094021379,4331934,299.99959993362427,9.802788680269003e-05
gaussian_mean,sync,1,2137,0.0397575993881165,4331934,299.99959993362427,9.802788680269003e-05
gaussian_mean,sync,1,2531,0.0239594201191635,4331934,299.99959993362427,9.802788680269003e-05
gaussian_mean,sync,1,2997,0.0163503438536782,4331934,299.99959993362427,9.802788680269003e-05
gaussian_mean,sync,1,3550,0.0104568321659154,4331934,299.99959993362427,9.802788680269003e-05
gaussian_mean,sync,1,4205,0.0079121706942118,4331934,299.99959993362427,9.802788680269003e-05
gaussian_mean,sync,1,4980,0.0058435040985269,4331934,299.99959993362427,9.802788680269003e-05
gaussian_mean,sync,1,5898,0.0044260939433447,4331934,299.99959993362427,9.802788680269003e-05
gaussian_mean,sync,1,6985,0.0033263758477794,4331934,299.99959993362427,9.802788680269003e-05
gaussian_mean,sync,1,8273,0.0027791431372741,4331934,299.99959993362427,9.802788680269003e-05
gaussian_mean,sync,1,9799,0.0022497295418508,4331934,299.99959993362427,9.802788680269003e-05
gaussian_mean,sync,1,11606,0.0017499887926011,4331934,299.99959993362427,9.802788680269003e-05
gaussian_mean,sync,1,13745,0.0014157246432095,4331934,299.99959993362427,9.802788680269003e-05
gaussian_mean,sync,1,16280,0.0011131172266814,4331934,299.99959993362427,9.802788680269003e-05
gaussian_mean,sync,1,19281,0.0009217325583399,4331934,299.99959993362427,9.802788680269003e-05
gaussian_mean,sync,1,22836,0.000797661120424,4331934,299.99959993362427,9.802788680269003e-05
gaussian_mean,sync,1,27046,0.0006856425704555,4331934,299.99959993362427,9.802788680269003e-05
gaussian_mean,sync,1,32033,0.0005663158334834,4331934,299.99959993362427,9.802788680269003e-05
gaussian_mean,sync,1,37938,0.0005039588610772,4331934,299.99959993362427,9.802788680269003e-05
gaussian_mean,sync,1,44933,0.0004512962114111,4331934,299.99959993362427,9.802788680269003e-05
gaussian_mean,sync,1,53217,0.0003533163333822,4331934,299.99959993362427,9.802788680269003e-05
gaussian_mean,sync,1,63029,0.0002836237979578,4331934,299.99959993362427,9.802788680269003e-05
gaussian_mean,sync,1,74649,0.0002465351721552,4331934,299.99959993362427,9.802788680269003e-05
gaussian_mean,sync,1,88412,0.0002189112271837,4331934,299.99959993362427,9.802788680269003e-05
gaussian_mean,sync,1,104712,0.000167147713122,4331934,299.99959993362427,9.802788680269003e-05
gaussian_mean,sync,1,124017,0.0001419206762774,4331934,299.99959993362427,9.802788680269003e-05
gaussian_mean,sync,1,146882,0.0001161033386112,4331934,299.99959993362427,9.802788680269003e-05
gaussian_mean,sync,1,173962,9.476899658926452e-05,4331934,299.99959993362427,9.802788680269003e-05
gaussian_mean,sync,1,206034,8.516244108590365e-05,4331934,299.99959993362427,9.802788680269003e-05
gaussian_mean,sync,1,244020,7.202191100241784e-05,4331934,299.99959993362427,9.802788680269003e-05
gaussian_mean,sync,1,289009,6.42312839824466e-05,4331934,299.99959993362427,9.802788680269003e-05
gaussian_mean,sync,1,342292,5.292741191489231e-05,4331934,299.99959993362427,9.802788680269003e-05
gaussian_mean,sync,1,405399,5.003368889947013e-05,4331934,299.99959993362427,9.802788680269003e-05
gaussian_mean,sync,1,480140,4.391183458216097e-05,4331934,299.99959993362427,9.802788680269003e-05
gaussian_mean,sync,1,568662,3.739309595574003e-05,4331934,299.99959993362427,9.802788680269003e-05
gaussian_mean,sync,1,673503,3.113318478485672e-05,4331934,299.99959993362427,9.802788680269003e-05
gaussian_mean,sync,1,797674,2.830131499522576e-05,4331934,299.99959993362427,9.802788680269003e-05
gaussian_mean,sync,1,944737,2.3632739566188665e-05,4331934,299.99959993362427,9.802788680269003e-05
gaussian_mean,sync,1,1118914,2.0701059843676595e-05,4331934,299.99959993362427,9.802788680269003e-05
gaussian_mean,sync,1,1325203,1.6803164177070506e-05,4331934,299.99959993362427,9.802788680269003e-05
gaussian_mean,sync,1,1569524,1.3076393462894964e-05,4331934,299.99959993362427,9.802788680269003e-05
gaussian_mean,sync,1,1858890,1.1148296903566723e-05,4331934,299.99959993362427,9.802788680269003e-05
gaussian_mean,sync,1,2201604,9.871595678501157e-06,4331934,299.99959993362427,9.802788680269003e-05
gaussian_mean,sync,1,2607503,8.191940895033167e-06,4331934,299.99959993362427,9.802788680269003e-05
gaussian_mean,sync,1,3088236,7.253148131811105e-06,4331934,299.99959993362427,9.802788680269003e-05
gaussian_mean,sync,1,3657599,5.496602571278264e-06,4331934,299.99959993362427,9.802788680269003e-05
gaussian_mean,sync,1,4331934,3.909546477873227e-06,4331934,299.99959993362427,9.802788680269003e-05
gaussian_mean,sync,2,200,2.781765387114205,5005357,299.99970626831055,9.84831757878407e-05
gaussian_mean,sync,2,237,1.99790528746462,5005357,299.99970626831055,9.84831757878407e-05
gaussian_mean,sync,2,281,1.768654088193987,5005357,299.99970626831055,9.84831757878407e-05
gaussian_mean,sync,2,334,1.1898807450370024,5005357,299.99970626831055,9.84831757878407e-05
gaussian_mean,sync,2,397,0.960383665979996,5005357,299.99970626831055,9.84831757878407e-05
gaussian_mean,sync,2,471,0.7515468113369022,5005357,299.99970626831055,9.84831757878407e-05
gaussian_mean,sync,2,560,0.6391503619310722,5005357,299.99970626831055,9.84831757878407e-05
gaussian_mean,sync,2,665,0.5229870489718538,5005357,299.99970626831055,9.84831757878407e-05
gaussian_mean,sync,2,789,0.4353330805770144,5005357,299.99970626831055,9.84831757878407e-05
gaussian_mean,sync,2,937,0.323873175062973,5005357,299.99970626831055,9.84831757878407e-05
gaussian_mean,sync,2,1113,0.2365531857843483,5005357,299.99970626831055,9.84831757878407e-05
gaussian_mean,sync,2,1321,0.1787298587661397,5005357,299.99970626831055,9.84831757878407e-05
gaussian_mean,sync,2,1568,0.133123015170759,5005357,299.99970626831055,9.84831757878407e-05
gaussian_mean,sync,2,1862,0.0844949115890365,5005357,299.99970626831055,9.84831757878407e-05
gaussian_mean,sync,2,2211,0.0563916274085091,5005357,299.99970626831055,9.84831757878407e-05
gaussian_mean,sync,2,2625,0.0399268823228896,5005357,299.99970626831055,9.84831757878407e-05
gaussian_mean,sync,2,3117,0.0257696197208989,5005357,299.99970626831055,9.84831757878407e-05
gaussian_mean,sync,2,3701,0.0163250254136896,5005357,299.99970626831055,9.84831757878407e-05
gaussian_mean,sync,2,4394,0.0097781775586277,5005357,299.99970626831055,9.84831757878407e-05
gaussian_mean,sync,2,5217,0.0069933643104534,5005357,299.99970626831055,9.84831757878407e-05
gaussian_mean,sync,2,6194,0.0051190982123586,5005357,299.99970626831055,9.84831757878407e-05
gaussian_mean,sync,2,7354,0.0039780892770096,5005357,299.99970626831055,9.84831757878407e-05
gaussian_mean,sync,2,8731,0.0032686837743247,5005357,299.99970626831055,9.84831757878407e-05
gaussian_mean,sync,2,10367,0.0023641503243835,5005357,299.99970626831055,9.84831757878407e-05
gaussian_mean,sync,2,12308,0.0018849761934782,5005357,299.99970626831055,9.84831757878407e-05
gaussian_mean,sync,2,14613,0.0014503239942749,5005357,299.99970626831055,9.84831757878407e-05
gaussian_mean,sync,2,17350,0.0012291135295173,5005357,299.99970626831055,9.84831757878407e-05
gaussian_mean,sync,2,20599,0.0010969381647453,5005357,299.99970626831055,9.84831757878407e-05
gaussian_mean,sync,2,24457,0.0007500100441225,5005357,299.99970626831055,9.84831757878407e-05
gaussian_mean,sync,2,29037,0.0005991624863977,5005357,299.99970626831055,9.84831757878407e-05
gaussian_mean,sync,2,34475,0.0005037006375534,5005357,299.99970626831055,9.84831757878407e-05
gaussian_mean,sync,2,40931,0.0004107723990432,5005357,299.99970626831055,9.84831757878407e-05
gaussian_mean,sync,2,48596,0.0003880194380508,5005357,299.99970626831055,9.84831757878407e-05
gaussian_mean,sync,2,57697,0.0003272944220166,5005357,299.99970626831055,9.84831757878407e-05
gaussian_mean,sync,2,68502,0.0003026268687074,5005357,299.99970626831055,9.84831757878407e-05
gaussian_mean,sync,2,81330,0.0002711918238991,5005357,299.99970626831055,9.84831757878407e-05
gaussian_mean,sync,2,96561,0.0002286225454202,5005357,299.99970626831055,9.84831757878407e-05
gaussian_mean,sync,2,114644,0.0001835130376703,5005357,299.99970626831055,9.84831757878407e-05
gaussian_mean,sync,2,136113,0.0001430842234181,5005357,299.99970626831055,9.84831757878407e-05
gaussian_mean,sync,2,161603,0.0001063627466559,5005357,299.99970626831055,9.84831757878407e-05
gaussian_mean,sync,2,191866,8.906986506643233e-05,5005357,299.99970626831055,9.84831757878407e-05
gaussian_mean,sync,2,227797,7.927392166714314e-05,5005357,299.99970626831055,9.84831757878407e-05
gaussian_mean,sync,2,270456,6.1800693973324e-05,5005357,299.99970626831055,9.84831757878407e-05
gaussian_mean,sync,2,321105,5.544151771737921e-05,5005357,299.99970626831055,9.84831757878407e-05
gaussian_mean,sync,2,381238,4.772845625054811e-05,5005357,299.99970626831055,9.84831757878407e-05
gaussian_mean,sync,2,452632,4.0792587457733065e-05,5005357,299.99970626831055,9.84831757878407e-05
gaussian_mean,sync,2,537396,3.368665134970833e-05,5005357,299.99970626831055,9.84831757878407e-05
gaussian_mean,sync,2,638034,2.902871930698936e-05,5005357,299.99970626831055,9.84831757878407e-05
gaussian_mean,sync,2,757518,2.379005721029476e-05,5005357,299.99970626831055,9.84831757878407e-05
gaussian_mean,sync,2,899378,1.9728432370524907e-05,5005357,299.99970626831055,9.84831757878407e-05
gaussian_mean,sync,2,1067804,1.556668015972179e-05,5005357,299.99970626831055,9.84831757878407e-05
gaussian_mean,sync,2,1267771,1.4065839682539384e-05,5005357,299.99970626831055,9.84831757878407e-05
gaussian_mean,sync,2,1505186,1.1774258892004176e-05,5005357,299.99970626831055,9.84831757878407e-05
gaussian_mean,sync,2,1787062,1.031241504118735e-05,5005357,299.99970626831055,9.84831757878407e-05
gaussian_mean,sync,2,2121723,8.522990003950737e-06,5005357,299.99970626831055,9.84831757878407e-05
gaussian_mean,sync,2,2519057,7.047663897238876e-06,5005357,299.99970626831055,9.84831757878407e-05
gaussian_mean,sync,2,2990799,5.366255294556033e-06,5005357,299.99970626831055,9.84831757878407e-05
gaussian_mean,sync,2,3550884,4.956156391913713e-06,5005357,299.99970626831055,9.84831757878407e-05
gaussian_mean,sync,2,4215856,4.186771256672883e-06,5005357,299.99970626831055,9.84831757878407e-05
gaussian_mean,sync,2,5005357,3.608174633601413e-06,5005357,299.99970626831055,9.84831757878407e-05
gaussian_mean,sync,3,200,2.3389887869304067,4314429,299.99998021125793,9.842579481469414e-05
gaussian_mean,sync,3,236,2.0264648468560136,4314429,299.99998021125793,9.842579481469414e-05
gaussian_mean,sync,3,280,1.7322707412335512,4314429,299.99998021125793,9.842579481469414e-05
gaussian_mean,sync,3,332,1.4487301234695855,4314429,299.99998021125793,9.842579481469414e-05
gaussian_mean,sync,3,393,1.1091772710979142,4314429,299.99998021125793,9.842579481469414e-05
gaussian_mean,sync,3,465,0.8944639848566629,4314429,299.99998021125793,9.842579481469414e-05
gaussian_mean,sync,3,551,0.7765229183344713,4314429,299.99998021125793,9.842579481469414e-05
gaussian_mean,sync,3,653,0.6348017394291869,4314429,299.99998021125793,9.842579481469414e-05
gaussian_mean,sync,3,773,0.4761922030423846,4314429,299.99998021125793,9.842579481469414e-05
gaussian_mean,sync,3,916,0.3307654645247569,4314429,299.99998021125793,9.842579481469414e-05
gaussian_mean,sync,3,1085,0.2734205597930579,4314429,299.99998021125793,9.842579481469414e-05
gaussian_mean,sync,3,1285,0.2007074244098228,4314429,299.99998021125793,9.842579481469414e-05
gaussian_mean,sync,3,1522,0.144372816209862,4314429,299.99998021125793,9.842579481469414e-05
gaussian_mean,sync,3,1802,0.0971240832382713,4314429,299.99998021125793,9.842579481469414e-05
gaussian_mean,sync,3,2135,0.0662471597266616,4314429,299.99998021125793,9.842579481469414e-05
gaussian_mean,sync,3,2528,0.0389737992369788,4314429,299.99998021125793,9.842579481469414e-05
gaussian_mean,sync,3,2994,0.0243480072923706,4314429,299.99998021125793,9.842579481469414e-05
gaussian_mean,sync,3,3546,0.013514759172648,4314429,299.99998021125793,9.842579481469414e-05
gaussian_mean,sync,3,4199,0.0078823542022678,4314429,299.99998021125793,9.842579481469414e-05
gaussian_mean,sync,3,4973,0.0061573738039122,4314429,299.99998021125793,9.842579481469414e-05
gaussian_mean,sync,3,5890,0.0045737478033736,4314429,299.99998021125793,9.842579481469414e-05
gaussian_mean,sync,3,6975,0.0037043092421678,4314429,299.99998021125793,9.842579481469414e-05
gaussian_mean,sync,3,8261,0.0028986610254831,4314429,299.99998021125793,9.842579481469414e-05
gaussian_mean,sync,3,9783,0.002322468902111,4314429,299.99998021125793,9.842579481469414e-05
gaussian_mean,sync,3,11586,0.001526891148515,4314429,299.99998021125793,9.842579481469414e-05
gaussian_mean,sync,3,13722,0.0011838124411256,4314429,299.99998021125793,9.842579481469414e-05
gaussian_mean,sync,3,16251,0.0010242558770544,4314429,299.99998021125793,9.842579481469414e-05
gaussian_mean,sync,3,19245,0.000907077943346,4314429,299.99998021125793,9.842579481469414e-05
gaussian_mean,sync,3,22792,0.000744399663824,4314429,299.99998021125793,9.842579481469414e-05
gaussian_mean,sync,3,26992,0.0006495095688172,4314429,299.99998021125793,9.842579481469414e-05
gaussian_mean,sync,3,31967,0.0005680152958729,4314429,299.99998021125793,9.842579481469414e-05
gaussian_mean,sync,3,37858,0.0004795179878837,4314429,299.99998021125793,9.842579481469414e-05
gaussian_mean,sync,3,44834,0.0004304714836163,4314429,299.99998021125793,9.842579481469414e-05
gaussian_mean,sync,3,53097,0.0003794764096653,4314429,299.99998021125793,9.842579481469414e-05
gaussian_mean,sync,3,62882,0.0003322058485544,4314429,299.99998021125793,9.842579481469414e-05
gaussian_mean,sync,3,74470,0.0002636216967944,4314429,299.99998021125793,9.842579481469414e-05
gaussian_mean,sync,3,88194,0.0002184053209248,4314429,299.99998021125793,9.842579481469414e-05
gaussian_mean,sync,3,104446,0.0001664469718601,4314429,299.99998021125793,9.842579481469414e-05
gaussian_mean,sync,3,123694,0.000133253570911,4314429,299.99998021125793,9.842579481469414e-05
gaussian_mean,sync,3,146489,0.0001142471964405,4314429,299.99998021125793,9.842579481469414e-05
gaussian_mean,sync,3,173485,0.0001084789697746,4314429,299.99998021125793,9.842579481469414e-05
gaussian_mean,sync,3,205455,9.400233206871556e-05,4314429,299.99998021125793,9.842579481469414e-05
gaussian_mean,sync,3,243318,7.353953942503683e-05,4314429,299.99998021125793,9.842579481469414e-05
gaussian_mean,sync,3,288157,6.755938914420473e-05,4314429,299.99998021125793,9.842579481469414e-05
gaussian_mean,sync,3,341260,5.561358240415565e-05,4314429,299.99998021125793,9.842579481469414e-05
gaussian_mean,sync,3,404149,4.900007691863856e-05,4314429,299.99998021125793,9.842579481469414e-05
gaussian_mean,sync,3,478627,3.6515781300615335e-05,4314429,299.99998021125793,9.842579481469414e-05
gaussian_mean,sync,3,566830,2.8218780144646797e-05,4314429,299.99998021125793,9.842579481469414e-05
gaussian_mean,sync,3,671288,2.3026968099207346e-05,4314429,299.99998021125793,9.842579481469414e-05
gaussian_mean,sync,3,794996,1.93708530273895e-05,4314429,299.99998021125793,9.842579481469414e-05
gaussian_mean,sync,3,941501,1.5914462325974932e-05,4314429,299.99998021125793,9.842579481469414e-05
gaussian_mean,sync,3,1115004,1.4680422543822402e-05,4314429,299.99998021125793,9.842579481469414e-05
gaussian_mean,sync,3,1320482,1.284917688643833e-05,4314429,299.99998021125793,9.842579481469414e-05
gaussian_mean,sync,3,1563825,1.1457858051830416e-05,4314429,299.99998021125793,9.842579481469414e-05
gaussian_mean,sync,3,1852013,1.0494075863988483e-05,4314429,299.99998021125793,9.842579481469414e-05
gaussian_mean,sync,3,2193310,9.439695327580213e-06,4314429,299.99998021125793,9.842579481469414e-05
gaussian_mean,sync,3,2597501,7.799686858878108e-06,4314429,299.99998021125793,9.842579481469414e-05
gaussian_mean,sync,3,3076179,6.252321637235936e-06,4314429,299.99998021125793,9.842579481469414e-05
gaussian_mean,sync,3,3643069,4.515839253024789e-06,4314429,299.99998021125793,9.842579481469414e-05
gaussian_mean,sync,3,4314429,4.217535491270186e-06,4314429,299.99998021125793,9.842579481469414e-05
gaussian_mean,sync,4,200,2.26448361415073,4612357,299.9999587535858,9.816504915079195e-05
gaussian_mean,sync,4,237,1.7637900646265818,4612357,299.9999587535858,9.816504915079195e-05
gaussian_mean,sync,4,281,1.4883338733905398,4612357,299.9999587535858,9.816504915079195e-05
gaussian_mean,sync,4,333,1.160978143499643,4612357,299.9999587535858,9.816504915079195e-05
gaussian_mean,sync,4,395,0.9153472974810316,4612357,299.9999587535858,9.816504915079195e-05
gaussian_mean,sync,4,468,0.720817732180729,4612357,299.9999587535858,9.816504915079195e-05
gaussian_mean,sync,4,555,0.6022296863497275,4612357,299.9999587535858,9.816504915079195e-05
gaussian_mean,sync,4,658,0.5246245914313511,4612357,299.9999587535858,9.816504915079195e-05
gaussian_mean,sync,4,780,0.4647762401214964,4612357,299.9999587535858,9.816504915079195e-05
gaussian_mean,sync,4,925,0.3599797908973584,4612357,299.9999587535858,9.816504915079195e-05
gaussian_mean,sync,4,1097,0.2635221851054221,4612357,299.9999587535858,9.816504915079195e-05
gaussian_mean,sync,4,1301,0.1854957059818751,4612357,299.9999587535858,9.816504915079195e-05
gaussian_mean,sync,4,1543,0.1223634522191033,4612357,299.9999587535858,9.816504915079195e-05
gaussian_mean,sync,4,1829,0.0795277244922048,4612357,299.9999587535858,9.816504915079195e-05
gaussian_mean,sync,4,2169,0.0506901066446853,4612357,299.9999587535858,9.816504915079195e-05
gaussian_mean,sync,4,2571,0.0324617044680013,4612357,299.9999587535858,9.816504915079195e-05
gaussian_mean,sync,4,3049,0.020255651205575,4612357,299.9999587535858,9.816504915079195e-05
gaussian_mean,sync,4,3615,0.0145523146637964,4612357,299.9999587535858,9.816504915079195e-05
gaussian_mean,sync,4,4286,0.0089238573312977,4612357,299.9999587535858,9.816504915079195e-05
gaussian_mean,sync,4,5081,0.0062636580560918,4612357,299.9999587535858,9.816504915079195e-05
gaussian_mean,sync,4,6025,0.0053288718602255,4612357,299.9999587535858,9.816504915079195e-05
gaussian_mean,sync,4,7143,0.0040566459450033,4612357,299.9999587535858,9.816504915079195e-05
gaussian_mean,sync,4,8469,0.0031826812675886,4612357,299.9999587535858,9.816504915079195e-05
gaussian_mean,sync,4,10041,0.0027230051312068,4612357,299.9999587535858,9.816504915079195e-05
gaussian_mean,sync,4,11906,0.0022465900103857,4612357,299.9999587535858,9.816504915079195e-05
gaussian_mean,sync,4,14116,0.0017694661672164,4612357,299.9999587535858,9.816504915079195e-05
gaussian_mean,sync,4,16736,0.0013920000488586,4612357,299.9999587535858,9.816504915079195e-05
gaussian_mean,sync,4,19843,0.0011577321826474,4612357,299.9999587535858,9.816504915079195e-05
gaussian_mean,sync,4,23526,0.0010073635356948,4612357,299.9999587535858,9.816504915079195e-05
gaussian_mean,sync,4,27893,0.0009071697857933,4612357,299.9999587535858,9.816504915079195e-05
gaussian_mean,sync,4,33071,0.000731161154392,4612357,299.9999587535858,9.816504915079195e-05
gaussian_mean,sync,4,39210,0.0005604062832363,4612357,299.9999587535858,9.816504915079195e-05
gaussian_mean,sync,4,46488,0.0004440349467819,4612357,299.9999587535858,9.816504915079195e-05
gaussian_mean,sync,4,55117,0.0003739126499735,4612357,299.9999587535858,9.816504915079195e-05
gaussian_mean,sync,4,65349,0.0003177902591661,4612357,299.9999587535858,9.816504915079195e-05
gaussian_mean,sync,4,77479,0.0002748073125695,4612357,299.9999587535858,9.816504915079195e-05
gaussian_mean,sync,4,91861,0.0002216284387143,4612357,299.9999587535858,9.816504915079195e-05
gaussian_mean,sync,4,108913,0.0001815708192338,4612357,299.9999587535858,9.816504915079195e-05
gaussian_mean,sync,4,129130,0.0001534324940814,4612357,299.9999587535858,9.816504915079195e-05
gaussian_mean,sync,4,153100,0.0001307659604459,4612357,299.9999587535858,9.816504915079195e-05
gaussian_mean,sync,4,181519,0.0001156767901133,4612357,299.9999587535858,9.816504915079195e-05
gaussian_mean,sync,4,215214,8.957966051787586e-05,4612357,299.9999587535858,9.816504915079195e-05
gaussian_mean,sync,4,255163,7.487996004857528e-05,4612357,299.9999587535858,9.816504915079195e-05
gaussian_mean,sync,4,302527,6.020927198310128e-05,4612357,299.9999587535858,9.816504915079195e-05
gaussian_mean,sync,4,358684,5.121297403899022e-05,4612357,299.9999587535858,9.816504915079195e-05
gaussian_mean,sync,4,425265,4.352317090057512e-05,4612357,299.9999587535858,9.816504915079195e-05
gaussian_mean,sync,4,504205,3.551017860568828e-05,4612357,299.9999587535858,9.816504915079195e-05
gaussian_mean,sync,4,597798,2.947543048951312e-05,4612357,299.9999587535858,9.816504915079195e-05
gaussian_mean,sync,4,708764,2.440762212804065e-05,4612357,299.9999587535858,9.816504915079195e-05
gaussian_mean,sync,4,840329,1.874440636367297e-05,4612357,299.9999587535858,9.816504915079195e-05
gaussian_mean,sync,4,996315,1.6075396003185916e-05,4612357,299.9999587535858,9.816504915079195e-05
gaussian_mean,sync,4,1181256,1.2639095395096387e-05,4612357,299.9999587535858,9.816504915079195e-05
gaussian_mean,sync,4,1400527,1.2096814989460967e-05,4612357,299.9999587535858,9.816504915079195e-05
gaussian_mean,sync,4,1660500,9.393496283635616e-06,4612357,299.9999587535858,9.816504915079195e-05
gaussian_mean,sync,4,1968730,8.92292517691573e-06,4612357,299.9999587535858,9.816504915079195e-05
gaussian_mean,sync,4,2334175,6.6101586646133415e-06,4612357,299.9999587535858,9.816504915079195e-05
gaussian_mean,sync,4,2767457,5.266566408812512e-06,4612357,299.9999587535858,9.816504915079195e-05
gaussian_mean,sync,4,3281166,4.855051350442785e-06,4612357,299.9999587535858,9.816504915079195e-05
gaussian_mean,sync,4,3890232,4.2977312374875565e-06,4612357,299.9999587535858,9.816504915079195e-05
gaussian_mean,sync,4,4612357,3.5661908432821354e-06,4612357,299.9999587535858,9.816504915079195e-05
gaussian_mean,async,0,200,2.502722958172451,1330205,299.99978017807007,0.0001565325959669621
gaussian_mean,async,0,232,2.1133514086568246,1330205,299.99978017807007,0.0001565325959669621
gaussian_mean,async,0,269,1.7636885019083934,1330205,299.99978017807007,0.0001565325959669621
gaussian_mean,async,0,312,1.463348869673429,1330205,299.99978017807007,0.0001565325959669621
gaussian_mean,async,0,363,1.2360140157339237,1330205,299.99978017807007,0.0001565325959669621
gaussian_mean,async,0,421,0.9730421707108782,1330205,299.99978017807007,0.0001565325959669621
gaussian_mean,async,0,489,0.7938249418850534,1330205,299.99978017807007,0.0001565325959669621
gaussian_mean,async,0,568,0.6585798428454264,1330205,299.99978017807007,0.0001565325959669621
gaussian_mean,async,0,659,0.4736876782029269,1330205,299.99978017807007,0.0001565325959669621
gaussian_mean,async,0,765,0.3461483052168629,1330205,299.99978017807007,0.0001565325959669621
gaussian_mean,async,0,889,0.2219216192989967,1330205,299.99978017807007,0.0001565325959669621
gaussian_mean,async,0,1032,0.1671947600589454,1330205,299.99978017807007,0.0001565325959669621
gaussian_mean,async,0,1198,0.1097229078626435,1330205,299.99978017807007,0.0001565325959669621
gaussian_mean,async,0,1391,0.0735500880956285,1330205,299.99978017807007,0.0001565325959669621
gaussian_mean,async,0,1614,0.0450339034258484,1330205,299.99978017807007,0.0001565325959669621
gaussian_mean,async,0,1874,0.0293229982540907,1330205,299.99978017807007,0.0001565325959669621
gaussian_mean,async,0,2176,0.020319678879466,1330205,299.99978017807007,0.0001565325959669621
gaussian_mean,async,0,2526,0.0149742052463996,1330205,299.99978017807007,0.0001565325959669621
gaussian_mean,async,0,2933,0.011436186224627,1330205,299.99978017807007,0.0001565325959669621
gaussian_mean,async,0,3405,0.0086435782930029,1330205,299.99978017807007,0.0001565325959669621
gaussian_mean,async,0,3952,0.0069877567007559,1330205,299.99978017807007,0.0001565325959669621
gaussian_mean,async,0,4589,0.0059321613770225,1330205,299.99978017807007,0.0001565325959669621
gaussian_mean,async,0,5327,0.0047096126217708,1330205,299.99978017807007,0.0001565325959669621
gaussian_mean,async,0,6184,0.0041603761169231,1330205,299.99978017807007,0.0001565325959669621
gaussian_mean,async,0,7179,0.0035077757224347,1330205,299.99978017807007,0.0001565325959669621
gaussian_mean,async,0,8334,0.003064624204186,1330205,299.99978017807007,0.0001565325959669621
gaussian_mean,async,0,9675,0.0026574002448733,1330205,299.99978017807007,0.0001565325959669621
gaussian_mean,async,0,11232,0.0023024686095286,1330205,299.99978017807007,0.0001565325959669621
gaussian_mean,async,0,13040,0.0017654574403701,1330205,299.99978017807007,0.0001565325959669621
gaussian_mean,async,0,15138,0.0014400313813954,1330205,299.99978017807007,0.0001565325959669621
gaussian_mean,async,0,17574,0.0013282903627642,1330205,299.99978017807007,0.0001565325959669621
gaussian_mean,async,0,20401,0.0011438967200765,1330205,299.99978017807007,0.0001565325959669621
gaussian_mean,async,0,23684,0.0010155555445829,1330205,299.99978017807007,0.0001565325959669621
gaussian_mean,async,0,27495,0.0008793058428222,1330205,299.99978017807007,0.0001565325959669621
gaussian_mean,async,0,31919,0.0007891450784287,1330205,299.99978017807007,0.0001565325959669621
gaussian_mean,async,0,37054,0.0006863804652386,1330205,299.99978017807007,0.0001565325959669621
gaussian_mean,async,0,43016,0.000604509111137,1330205,299.99978017807007,0.0001565325959669621
gaussian_mean,async,0,49938,0.0004334292138012,1330205,299.99978017807007,0.0001565325959669621
gaussian_mean,async,0,57973,0.0003707096178524,1330205,299.99978017807007,0.0001565325959669621
gaussian_mean,async,0,67301,0.0003453825755105,1330205,299.99978017807007,0.0001565325959669621
gaussian_mean,async,0,78130,0.0003005404034469,1330205,299.99978017807007,0.0001565325959669621
gaussian_mean,async,0,90701,0.0002587785920382,1330205,299.99978017807007,0.0001565325959669621
gaussian_mean,async,0,105295,0.0002154013538712,1330205,299.99978017807007,0.0001565325959669621
gaussian_mean,async,0,122237,0.0001748965517845,1330205,299.99978017807007,0.0001565325959669621
gaussian_mean,async,0,141905,0.0001421010321701,1330205,299.99978017807007,0.0001565325959669621
gaussian_mean,async,0,164737,0.000125902311947,1330205,299.99978017807007,0.0001565325959669621
gaussian_mean,async,0,191243,0.0001075159580918,1330205,299.99978017807007,0.0001565325959669621
gaussian_mean,async,0,222014,9.877289306871316e-05,1330205,299.99978017807007,0.0001565325959669621
gaussian_mean,async,0,257736,8.265445468680355e-05,1330205,299.99978017807007,0.0001565325959669621
gaussian_mean,async,0,299206,6.905756389155582e-05,1330205,299.99978017807007,0.0001565325959669621
gaussian_mean,async,0,347349,5.938671041767762e-05,1330205,299.99978017807007,0.0001565325959669621
gaussian_mean,async,0,403237,5.140577861705714e-05,1330205,299.99978017807007,0.0001565325959669621
gaussian_mean,async,0,468118,4.54142617548961e-05,1330205,299.99978017807007,0.0001565325959669621
gaussian_mean,async,0,543438,4.053260954574312e-05,1330205,299.99978017807007,0.0001565325959669621
gaussian_mean,async,0,630877,3.695152567809862e-05,1330205,299.99978017807007,0.0001565325959669621
gaussian_mean,async,0,732385,3.248115243652261e-05,1330205,299.99978017807007,0.0001565325959669621
gaussian_mean,async,0,850226,2.933018563687495e-05,1330205,299.99978017807007,0.0001565325959669621
gaussian_mean,async,0,987027,2.506341364903741e-05,1330205,299.99978017807007,0.0001565325959669621
gaussian_mean,async,0,1145839,1.92236104352983e-05,1330205,299.99978017807007,0.0001565325959669621
gaussian_mean,async,0,1330205,1.5921433625470938e-05,1330205,299.99978017807007,0.0001565325959669621
gaussian_mean,async,1,200,2.6397396837235725,1105433,299.9657258987427,0.00015536129143086573
gaussian_mean,async,1,231,2.293759206731415,1105433,299.9657258987427,0.00015536129143086573
gaussian_mean,async,1,267,1.9215446988699063,1105433,299.9657258987427,0.00015536129143086573
gaussian_mean,async,1,309,1.5195445679892787,1105433,299.9657258987427,0.00015536129143086573
gaussian_mean,async,1,358,1.1540634979145767,1105433,299.9657258987427,0.00015536129143086573
gaussian_mean,async,1,415,0.8713934557697901,1105433,299.9657258987427,0.00015536129143086573
gaussian_mean,async,1,480,0.6917905568749982,1105433,299.9657258987427,0.00015536129143086573
gaussian_mean,async,1,555,0.5038510737139891,1105433,299.9657258987427,0.00015536129143086573
gaussian_mean,async,1,643,0.4078706636834793,1105433,299.9657258987427,0.00015536129143086573
gaussian_mean,async,1,744,0.2853795706154079,1105433,299.9657258987427,0.00015536129143086573
gaussian_mean,async,1,861,0.2088861869325423,1105433,299.9657258987427,0.00015536129143086573
gaussian_mean,async,1,997,0.1435996559460647,1105433,299.9657258987427,0.00015536129143086573
gaussian_mean,async,1,1154,0.0976937820635452,1105433,299.9657258987427,0.00015536129143086573
gaussian_mean,async,1,1335,0.0717809839468941,1105433,299.9657258987427,0.00015536129143086573
gaussian_mean,async,1,1545,0.0416636819316435,1105433,299.9657258987427,0.00015536129143086573
gaussian_mean,async,1,1788,0.0312122827185433,1105433,299.9657258987427,0.00015536129143086573
gaussian_mean,async,1,2069,0.0236972023945272,1105433,299.9657258987427,0.00015536129143086573
gaussian_mean,async,1,2395,0.0184230612462688,1105433,299.9657258987427,0.00015536129143086573
gaussian_mean,async,1,2772,0.0144948172274507,1105433,299.9657258987427,0.00015536129143086573
gaussian_mean,async,1,3208,0.0112785549434809,1105433,299.9657258987427,0.00015536129143086573
gaussian_mean,async,1,3712,0.0088771257862557,1105433,299.9657258987427,0.00015536129143086573
gaussian_mean,async,1,4296,0.0069127929628826,1105433,299.9657258987427,0.00015536129143086573
gaussian_mean,async,1,4972,0.0063040144798903,1105433,299.9657258987427,0.00015536129143086573
gaussian_mean,async,1,5754,0.0050901934363662,1105433,299.9657258987427,0.00015536129143086573
gaussian_mean,async,1,6658,0.0040073061459707,1105433,299.9657258987427,0.00015536129143086573
gaussian_mean,async,1,7706,0.0033100920681018,1105433,299.9657258987427,0.00015536129143086573
gaussian_mean,async,1,8918,0.0027628966430287,1105433,299.9657258987427,0.00015536129143086573
gaussian_mean,async,1,10320,0.0020944059110172,1105433,299.9657258987427,0.00015536129143086573
gaussian_mean,async,1,11943,0.0018219773255196,1105433,299.9657258987427,0.00015536129143086573
gaussian_mean,async,1,13821,0.0015887418643736,1105433,299.9657258987427,0.00015536129143086573
gaussian_mean,async,1,15995,0.0013224481722732,1105433,299.9657258987427,0.00015536129143086573
gaussian_mean,async,1,18510,0.0011045425876499,1105433,299.9657258987427,0.00015536129143086573
gaussian_mean,async,1,21422,0.0008826202847609,1105433,299.9657258987427,0.00015536129143086573
gaussian_mean,async,1,24791,0.0008252420467435,1105433,299.9657258987427,0.00015536129143086573
gaussian_mean,async,1,28689,0.0007456411414263,1105433,299.9657258987427,0.00015536129143086573
gaussian_mean,async,1,33201,0.0006324770991325,1105433,299.9657258987427,0.00015536129143086573
gaussian_mean,async,1,38422,0.0005419979706607,1105433,299.9657258987427,0.00015536129143086573
gaussian_mean,async,1,44465,0.0004502937858638,1105433,299.9657258987427,0.00015536129143086573
gaussian_mean,async,1,51458,0.000398370590355,1105433,299.9657258987427,0.00015536129143086573
gaussian_mean,async,1,59550,0.0003312637476532,1105433,299.9657258987427,0.00015536129143086573
gaussian_mean,async,1,68915,0.0002810929269887,1105433,299.9657258987427,0.00015536129143086573
gaussian_mean,async,1,79753,0.0002614996176613,1105433,299.9657258987427,0.00015536129143086573
gaussian_mean,async,1,92296,0.000223689995073,1105433,299.9657258987427,0.00015536129143086573
gaussian_mean,async,1,106811,0.0001991702253475,1105433,299.9657258987427,0.00015536129143086573
gaussian_mean,async,1,123608,0.0001657450393473,1105433,299.9657258987427,0.00015536129143086573
gaussian_mean,async,1,143047,0.0001510588082582,1105433,299.9657258987427,0.00015536129143086573
gaussian_mean,async,1,165543,0.0001339353014246,1105433,299.9657258987427,0.00015536129143086573
gaussian_mean,async,1,191577,0.000120765123477,1105433,299.9657258987427,0.00015536129143086573
gaussian_mean,async,1,221706,0.0001084184525152,1105433,299.9657258987427,0.00015536129143086573
gaussian_mean,async,1,256572,9.82345391251152e-05,1105433,299.9657258987427,0.00015536129143086573
gaussian_mean,async,1,296921,7.570434160364403e-05,1105433,299.9657258987427,0.00015536129143086573
gaussian_mean,async,1,343616,6.668090393582848e-05,1105433,299.9657258987427,0.00015536129143086573
gaussian_mean,async,1,397655,6.134675883104346e-05,1105433,299.9657258987427,0.00015536129143086573
gaussian_mean,async,1,460191,5.070708607708696e-05,1105433,299.9657258987427,0.00015536129143086573
gaussian_mean,async,1,532563,4.412300798532776e-05,1105433,299.9657258987427,0.00015536129143086573
gaussian_mean,async,1,616316,3.603720916711684e-05,1105433,299.9657258987427,0.00015536129143086573
gaussian_mean,async,1,713240,2.9934907739052885e-05,1105433,299.9657258987427,0.00015536129143086573
gaussian_mean,async,1,825406,2.417671085160056e-05,1105433,299.9657258987427,0.00015536129143086573
gaussian_mean,async,1,955212,2.072308715922455e-05,1105433,299.9657258987427,0.00015536129143086573
gaussian_mean,async,1,1105433,1.8674361175197163e-05,1105433,299.9657258987427,0.00015536129143086573
gaussian_mean,async,2,200,2.276940686766784,1307897,299.9996590614319,0.0001555436922406018
gaussian_mean,async,2,232,1.9913127853368628,1307897,299.9996590614319,0.0001555436922406018
gaussian_mean,async,2,269,1.776204343174148,1307897,299.9996590614319,0.0001555436922406018
gaussian_mean,async,2,312,1.3663470961240725,1307897,299.9996590614319,0.0001555436922406018
gaussian_mean,async,2,362,1.1426809352891834,1307897,299.9996590614319,0.0001555436922406018
gaussian_mean,async,2,421,0.8725905894000923,1307897,299.9996590614319,0.0001555436922406018
gaussian_mean,async,2,488,0.6176657794349456,1307897,299.9996590614319,0.0001555436922406018
gaussian_mean,async,2,567,0.4778029478032017,1307897,299.9996590614319,0.0001555436922406018
gaussian_mean,async,2,658,0.3362744020660933,1307897,299.9996590614319,0.0001555436922406018
gaussian_mean,async,2,763,0.2390864149061599,1307897,299.9996590614319,0.0001555436922406018
gaussian_mean,async,2,886,0.1723849365110378,1307897,299.9996590614319,0.0001555436922406018
gaussian_mean,async,2,1028,0.1217008915126179,1307897,299.9996590614319,0.0001555436922406018
gaussian_mean,async,2,1194,0.0753922157698012,1307897,299.9996590614319,0.0001555436922406018
gaussian_mean,async,2,1385,0.0519143325008157,1307897,299.9996590614319,0.0001555436922406018
gaussian_mean,async,2,1608,0.0325729856884597,1307897,299.9996590614319,0.0001555436922406018
gaussian_mean,async,2,1866,0.0237292431731159,1307897,299.9996590614319,0.0001555436922406018
gaussian_mean,async,2,2166,0.0189769980268356,1307897,299.9996590614319,0.0001555436922406018
gaussian_mean,async,2,2514,0.0145718980521044,1307897,299.9996590614319,0.0001555436922406018
gaussian_mean,async,2,2918,0.0121109485243305,1307897,299.9996590614319,0.0001555436922406018
gaussian_mean,async,2,3386,0.00996591345995,1307897,299.9996590614319,0.0001555436922406018
gaussian_mean,async,2,3930,0.0072270713207408,1307897,299.9996590614319,0.0001555436922406018
gaussian_mean,async,2,4561,0.0061100500671589,1307897,299.9996590614319,0.0001555436922406018
gaussian_mean,async,2,5293,0.0050858467786557,1307897,299.9996590614319,0.0001555436922406018
gaussian_mean,async,2,6143,0.0040574809056937,1307897,299.9996590614319,0.0001555436922406018
gaussian_mean,async,2,7130,0.003369682411486,1307897,299.9996590614319,0.0001555436922406018
gaussian_mean,async,2,8275,0.002721424227648,1307897,299.9996590614319,0.0001555436922406018
gaussian_mean,async,2,9604,0.0022636433624549,1307897,299.9996590614319,0.0001555436922406018
gaussian_mean,async,2,11146,0.0020609284073556,1307897,299.9996590614319,0.0001555436922406018
gaussian_mean,async,2,12935,0.0018460354066443,1307897,299.9996590614319,0.0001555436922406018
gaussian_mean,async,2,15012,0.0015417546506881,1307897,299.9996590614319,0.0001555436922406018
gaussian_mean,async,2,17423,0.0012822226023007,1307897,299.9996590614319,0.0001555436922406018
gaussian_mean,async,2,20221,0.0011617587871885,1307897,299.9996590614319,0.0001555436922406018
gaussian_mean,async,2,23468,0.0009738787889916,1307897,299.9996590614319,0.0001555436922406018
gaussian_mean,async,2,27236,0.0008323025099835,1307897,299.9996590614319,0.0001555436922406018
gaussian_mean,async,2,31609,0.0006876114440695,1307897,299.9996590614319,0.0001555436922406018
gaussian_mean,async,2,36684,0.0005830373564891,1307897,299.9996590614319,0.0001555436922406018
gaussian_mean,async,2,42575,0.0005117157554574,1307897,299.9996590614319,0.0001555436922406018
gaussian_mean,async,2,49411,0.0004707400513801,1307897,299.9996590614319,0.0001555436922406018
gaussian_mean,async,2,57345,0.0003753355245174,1307897,299.9996590614319,0.0001555436922406018
gaussian_mean,async,2,66553,0.0003126475375485,1307897,299.9996590614319,0.0001555436922406018
gaussian_mean,async,2,77239,0.0002718041803975,1307897,299.9996590614319,0.0001555436922406018
gaussian_mean,async,2,89641,0.0002403174736426,1307897,299.9996590614319,0.0001555436922406018
gaussian_mean,async,2,104035,0.0002151624306584,1307897,299.9996590614319,0.0001555436922406018
gaussian_mean,async,2,120739,0.0001744124710185,1307897,299.9996590614319,0.0001555436922406018
gaussian_mean,async,2,140126,0.000152129482371,1307897,299.9996590614319,0.0001555436922406018
gaussian_mean,async,2,162626,0.0001381363208327,1307897,299.9996590614319,0.0001555436922406018
gaussian_mean,async,2,188738,0.0001198276212038,1307897,299.9996590614319,0.0001555436922406018
gaussian_mean,async,2,219043,0.0001036743024322,1307897,299.9996590614319,0.0001555436922406018
gaussian_mean,async,2,254214,8.466331349236272e-05,1307897,299.9996590614319,0.0001555436922406018
gaussian_mean,async,2,295033,7.389834315855298e-05,1307897,299.9996590614319,0.0001555436922406018
gaussian_mean,async,2,342406,6.472584950643206e-05,1307897,299.9996590614319,0.0001555436922406018
gaussian_mean,async,2,397385,5.671691279933444e-05,1307897,299.9996590614319,0.0001555436922406018
gaussian_mean,async,2,461192,4.814884790996232e-05,1307897,299.9996590614319,0.0001555436922406018
gaussian_mean,async,2,535244,4.0821964873496985e-05,1307897,299.9996590614319,0.0001555436922406018
gaussian_mean,async,2,621187,3.5194985412954904e-05,1307897,299.9996590614319,0.0001555436922406018
gaussian_mean,async,2,720929,3.158894737052137e-05,1307897,299.9996590614319,0.0001555436922406018
gaussian_mean,async,2,836686,2.7288715106293937e-05,1307897,299.9996590614319,0.0001555436922406018
gaussian_mean,async,2,971030,2.466435777317283e-05,1307897,299.9996590614319,0.0001555436922406018
gaussian_mean,async,2,1126946,2.0321903330511315e-05,1307897,299.9996590614319,0.0001555436922406018
gaussian_mean,async,2,1307897,1.7362232012915757e-05,1307897,299.9996590614319,0.0001555436922406018
gaussian_mean,async,3,200,2.3785845909746333,1343744,299.9998197555542,0.00015585361998529294
gaussian_mean,async,3,232,2.078261960042165,1343744,299.9998197555542,0.00015585361998529294
gaussian_mean,async,3,269,1.6501000501405385,1343744,299.9998197555542,0.00015585361998529294
gaussian_mean,async,3,313,1.3062573812556444,1343744,299.9998197555542,0.00015585361998529294
gaussian_mean,async,3,363,1.03220708016358,1343744,299.9998197555542,0.00015585361998529294
gaussian_mean,async,3,422,0.8453589581519908,1343744,299.9998197555542,0.00015585361998529294
gaussian_mean,async,3,490,0.6685351422648153,1343744,299.9998197555542,0.00015585361998529294
gaussian_mean,async,3,569,0.5321989954018487,1343744,299.9998197555542,0.00015585361998529294
gaussian_mean,async,3,660,0.4134453389129925,1343744,299.9998197555542,0.00015585361998529294
gaussian_mean,async,3,767,0.3171003737432479,1343744,299.9998197555542,0.00015585361998529294
gaussian_mean,async,3,890,0.213583830586328,1343744,299.9998197555542,0.00015585361998529294
gaussian_mean,async,3,1034,0.1543660086952848,1343744,299.9998197555542,0.00015585361998529294
gaussian_mean,async,3,1200,0.0937283434148928,1343744,299.9998197555542,0.00015585361998529294
gaussian_mean,async,3,1394,0.062458110801228,1343744,299.9998197555542,0.00015585361998529294
gaussian_mean,async,3,1618,0.0378341889271557,1343744,299.9998197555542,0.00015585361998529294
gaussian_mean,async,3,1879,0.024586906103462,1343744,299.9998197555542,0.00015585361998529294
gaussian_mean,async,3,2182,0.0163054386525406,1343744,299.9998197555542,0.00015585361998529294
gaussian_mean,async,3,2534,0.0135009690832016,1343744,299.9998197555542,0.00015585361998529294
gaussian_mean,async,3,2942,0.0109385467629611,1343744,299.9998197555542,0.00015585361998529294
gaussian_mean,async,3,3416,0.0094865839572642,1343744,299.9998197555542,0.00015585361998529294
gaussian_mean,async,3,3966,0.007853035396372,1343744,299.9998197555542,0.00015585361998529294
gaussian_mean,async,3,4605,0.0059250883096567,1343744,299.9998197555542,0.00015585361998529294
gaussian_mean,async,3,5347,0.0047929393871374,1343744,299.9998197555542,0.00015585361998529294
gaussian_mean,async,3,6209,0.0037842662264388,1343744,299.9998197555542,0.00015585361998529294
gaussian_mean,async,3,7209,0.0032661187987366,1343744,299.9998197555542,0.00015585361998529294
gaussian_mean,async,3,8370,0.0028271961074749,1343744,299.9998197555542,0.00015585361998529294
gaussian_mean,async,3,9719,0.0023070272712621,1343744,299.9998197555542,0.00015585361998529294
gaussian_mean,async,3,11284,0.001987748599109,1343744,299.9998197555542,0.00015585361998529294
gaussian_mean,async,3,13102,0.0017716191788989,1343744,299.9998197555542,0.00015585361998529294
gaussian_mean,async,3,15213,0.0015127136352494,1343744,299.9998197555542,0.00015585361998529294
gaussian_mean,async,3,17664,0.0013350093642678,1343744,299.9998197555542,0.00015585361998529294
gaussian_mean,async,3,20510,0.0010739319191996,1343744,299.9998197555542,0.00015585361998529294
gaussian_mean,async,3,23814,0.0009322964614488,1343744,299.9998197555542,0.00015585361998529294
gaussian_mean,async,3,27651,0.0008338477665379,1343744,299.9998197555542,0.00015585361998529294
gaussian_mean,async,3,32105,0.000690337258026,1343744,299.9998197555542,0.00015585361998529294
gaussian_mean,async,3,37278,0.0005903932164503,1343744,299.9998197555542,0.00015585361998529294
gaussian_mean,async,3,43283,0.0004842948111725,1343744,299.9998197555542,0.00015585361998529294
gaussian_mean,async,3,50256,0.0004035464583033,1343744,299.9998197555542,0.00015585361998529294
gaussian_mean,async,3,58352,0.0003251581091989,1343744,299.9998197555542,0.00015585361998529294
gaussian_mean,async,3,67753,0.0002449179566294,1343744,299.9998197555542,0.00015585361998529294
gaussian_mean,async,3,78668,0.0002299445430683,1343744,299.9998197555542,0.00015585361998529294
gaussian_mean,async,3,91341,0.0002055923570462,1343744,299.9998197555542,0.00015585361998529294
gaussian_mean,async,3,106056,0.0001731759563517,1343744,299.9998197555542,0.00015585361998529294
gaussian_mean,async,3,123142,0.0001505515439127,1343744,299.9998197555542,0.00015585361998529294
gaussian_mean,async,3,142980,0.0001345387189507,1343744,299.9998197555542,0.00015585361998529294
gaussian_mean,async,3,166014,0.0001255852211628,1343744,299.9998197555542,0.00015585361998529294
gaussian_mean,async,3,192759,0.0001105964783533,1343744,299.9998197555542,0.00015585361998529294
gaussian_mean,async,3,223813,9.59041606322028e-05,1343744,299.9998197555542,0.00015585361998529294
gaussian_mean,async,3,259869,8.036060796621364e-05,1343744,299.9998197555542,0.00015585361998529294
gaussian_mean,async,3,301733,7.269442778014973e-05,1343744,299.9998197555542,0.00015585361998529294
gaussian_mean,async,3,350342,6.913369515351014e-05,1343744,299.9998197555542,0.00015585361998529294
gaussian_mean,async,3,406782,6.644949435299918e-05,1343744,299.9998197555542,0.00015585361998529294
gaussian_mean,async,3,472314,5.7655539937501166e-05,1343744,299.9998197555542,0.00015585361998529294
gaussian_mean,async,3,548404,5.125420244398576e-05,1343744,299.9998197555542,0.00015585361998529294
gaussian_mean,async,3,636751,4.14573965066764e-05,1343744,299.9998197555542,0.00015585361998529294
gaussian_mean,async,3,739331,3.464272933454554e-05,1343744,299.9998197555542,0.00015585361998529294
gaussian_mean,async,3,858437,2.937709585832532e-05,1343744,299.9998197555542,0.00015585361998529294
gaussian_mean,async,3,996731,2.3258587875073237e-05,1343744,299.9998197555542,0.00015585361998529294
gaussian_mean,async,3,1157303,1.8734192715821885e-05,1343744,299.9998197555542,0.00015585361998529294
gaussian_mean,async,3,1343744,1.608299427897225e-05,1343744,299.9998197555542,0.00015585361998529294
gaussian_mean,async,4,200,2.268839294271696,1268606,299.9994978904724,0.0001552154366224704
gaussian_mean,async,4,231,2.064207852747995,1268606,299.9994978904724,0.0001552154366224704
gaussian_mean,async,4,269,1.6112894259647723,1268606,299.9994978904724,0.0001552154366224704
gaussian_mean,async,4,312,1.351523356698751,1268606,299.9994978904724,0.0001552154366224704
gaussian_mean,async,4,362,1.091135886135403,1268606,299.9994978904724,0.0001552154366224704
gaussian_mean,async,4,420,0.7807087895810859,1268606,299.9994978904724,0.0001552154366224704
gaussian_mean,async,4,487,0.5943759437378259,1268606,299.9994978904724,0.0001552154366224704
gaussian_mean,async,4,565,0.5216402414222676,1268606,299.9994978904724,0.0001552154366224704
gaussian_mean,async,4,655,0.3441631836570534,1268606,299.9994978904724,0.0001552154366224704
gaussian_mean,async,4,760,0.2589814672236591,1268606,299.9994978904724,0.0001552154366224704
gaussian_mean,async,4,882,0.1857193694918227,1268606,299.9994978904724,0.0001552154366224704
gaussian_mean,async,4,1023,0.1217537910032593,1268606,299.9994978904724,0.0001552154366224704
gaussian_mean,async,4,1186,0.0753096982333137,1268606,299.9994978904724,0.0001552154366224704
gaussian_mean,async,4,1376,0.0478385987440102,1268606,299.9994978904724,0.0001552154366224704
gaussian_mean,async,4,1596,0.0284818942249331,1268606,299.9994978904724,0.0001552154366224704
gaussian_mean,async,4,1852,0.0197290476802728,1268606,299.9994978904724,0.0001552154366224704
gaussian_mean,async,4,2148,0.0150472528830865,1268606,299.9994978904724,0.0001552154366224704
gaussian_mean,async,4,2492,0.0127986233626034,1268606,299.9994978904724,0.0001552154366224704
gaussian_mean,async,4,2891,0.0106569376846468,1268606,299.9994978904724,0.0001552154366224704
gaussian_mean,async,4,3353,0.0074806080155759,1268606,299.9994978904724,0.0001552154366224704
gaussian_mean,async,4,3889,0.0067140542081976,1268606,299.9994978904724,0.0001552154366224704
gaussian_mean,async,4,4512,0.006212805810006,1268606,299.9994978904724,0.0001552154366224704
gaussian_mean,async,4,5234,0.0051120471272679,1268606,299.9994978904724,0.0001552154366224704
gaussian_mean,async,4,6071,0.0043716651021284,1268606,299.9994978904724,0.0001552154366224704
gaussian_mean,async,4,7042,0.003107175104691,1268606,299.9994978904724,0.0001552154366224704
gaussian_mean,async,4,8169,0.0025866785506896,1268606,299.9994978904724,0.0001552154366224704
gaussian_mean,async,4,9475,0.0022778895350038,1268606,299.9994978904724,0.0001552154366224704
gaussian_mean,async,4,10991,0.0018662629340842,1268606,299.9994978904724,0.0001552154366224704
gaussian_mean,async,4,12749,0.0016875721459769,1268606,299.9994978904724,0.0001552154366224704
gaussian_mean,async,4,14789,0.0014635633756391,1268606,299.9994978904724,0.0001552154366224704
gaussian_mean,async,4,17155,0.0012715999665138,1268606,299.9994978904724,0.0001552154366224704
gaussian_mean,async,4,19899,0.0011355322944801,1268606,299.9994978904724,0.0001552154366224704
gaussian_mean,async,4,23083,0.0009827797604775,1268606,299.9994978904724,0.0001552154366224704
gaussian_mean,async,4,26775,0.0008668176013355,1268606,299.9994978904724,0.0001552154366224704
gaussian_mean,async,4,31058,0.0007280056046871,1268606,299.9994978904724,0.0001552154366224704
gaussian_mean,async,4,36027,0.000631574977706,1268606,299.9994978904724,0.0001552154366224704
gaussian_mean,async,4,41790,0.0005599161059144,1268606,299.9994978904724,0.0001552154366224704
gaussian_mean,async,4,48475,0.0004968282192902,1268606,299.9994978904724,0.0001552154366224704
gaussian_mean,async,4,56229,0.000426488044029,1268606,299.9994978904724,0.0001552154366224704
gaussian_mean,async,4,65224,0.0003501148101162,1268606,299.9994978904724,0.0001552154366224704
gaussian_mean,async,4,75658,0.0002939701787339,1268606,299.9994978904724,0.0001552154366224704
gaussian_mean,async,4,87761,0.0002505086457093,1268606,299.9994978904724,0.0001552154366224704
gaussian_mean,async,4,101800,0.0002183497282064,1268606,299.9994978904724,0.0001552154366224704
gaussian_mean,async,4,118085,0.0001855088196138,1268606,299.9994978904724,0.0001552154366224704
gaussian_mean,async,4,136974,0.0001577643770733,1268606,299.9994978904724,0.0001552154366224704
gaussian_mean,async,4,158886,0.0001380420424687,1268606,299.9994978904724,0.0001552154366224704
gaussian_mean,async,4,184303,0.0001207617072204,1268606,299.9994978904724,0.0001552154366224704
gaussian_mean,async,4,213785,0.0001038755433602,1268606,299.9994978904724,0.0001552154366224704
gaussian_mean,async,4,247984,9.288838559737972e-05,1268606,299.9994978904724,0.0001552154366224704
gaussian_mean,async,4,287653,7.735678740793117e-05,1268606,299.9994978904724,0.0001552154366224704
gaussian_mean,async,4,333668,6.141921664312017e-05,1268606,299.9994978904724,0.0001552154366224704
gaussian_mean,async,4,387044,4.976774907764631e-05,1268606,299.9994978904724,0.0001552154366224704
gaussian_mean,async,4,448959,4.4641933923256216e-05,1268606,299.9994978904724,0.0001552154366224704
gaussian_mean,async,4,520777,3.658995256772962e-05,1268606,299.9994978904724,0.0001552154366224704
gaussian_mean,async,4,604085,3.3552115043945785e-05,1268606,299.9994978904724,0.0001552154366224704
gaussian_mean,async,4,700719,2.9049807587784585e-05,1268606,299.9994978904724,0.0001552154366224704
gaussian_mean,async,4,812811,2.5389921649431046e-05,1268606,299.9994978904724,0.0001552154366224704
gaussian_mean,async,4,942834,2.1907296499444617e-05,1268606,299.9994978904724,0.0001552154366224704
gaussian_mean,async,4,1093656,1.810156658520884e-05,1268606,299.9994978904724,0.0001552154366224704
gaussian_mean,async,4,1268606,1.6153522599447745e-05,1268606,299.9994978904724,0.0001552154366224704
gandk,sync,0,200,5.687004744681185,3284067,599.7742705345154,0.0016350275474276265
gandk,sync,0,235,5.410468159899622,3284067,599.7742705345154,0.0016350275474276265
gandk,sync,0,277,4.674914566815932,3284067,599.7742705345154,0.0016350275474276265
gandk,sync,0,327,4.043653166366242,3284067,599.7742705345154,0.0016350275474276265
gandk,sync,0,386,3.627606157399809,3284067,599.7742705345154,0.0016350275474276265
gandk,sync,0,455,3.1827398857977456,3284067,599.7742705345154,0.0016350275474276265
gandk,sync,0,536,2.793879554709473,3284067,599.7742705345154,0.0016350275474276265
gandk,sync,0,632,2.418909208784653,3284067,599.7742705345154,0.0016350275474276265
gandk,sync,0,745,2.1488658098512947,3284067,599.7742705345154,0.0016350275474276265
gandk,sync,0,879,1.925082964958899,3284067,599.7742705345154,0.0016350275474276265
gandk,sync,0,1036,1.6494846158345642,3284067,599.7742705345154,0.0016350275474276265
gandk,sync,0,1221,1.4680700027346287,3284067,599.7742705345154,0.0016350275474276265
gandk,sync,0,1440,1.3375949058225542,3284067,599.7742705345154,0.0016350275474276265
gandk,sync,0,1697,1.1099586116547295,3284067,599.7742705345154,0.0016350275474276265
gandk,sync,0,2001,0.8626996837087881,3284067,599.7742705345154,0.0016350275474276265
gandk,sync,0,2359,0.7146233028556288,3284067,599.7742705345154,0.0016350275474276265
gandk,sync,0,2780,0.5933105722521241,3284067,599.7742705345154,0.0016350275474276265
gandk,sync,0,3278,0.4646532399104608,3284067,599.7742705345154,0.0016350275474276265
gandk,sync,0,3864,0.3677984193383078,3284067,599.7742705345154,0.0016350275474276265
gandk,sync,0,4555,0.3142024643294253,3284067,599.7742705345154,0.0016350275474276265
gandk,sync,0,5369,0.2999758872559617,3284067,599.7742705345154,0.0016350275474276265
gandk,sync,0,6330,0.2520140667312071,3284067,599.7742705345154,0.0016350275474276265
gandk,sync,0,7462,0.2302287246104632,3284067,599.7742705345154,0.0016350275474276265
gandk,sync,0,8796,0.211219794008518,3284067,599.7742705345154,0.0016350275474276265
gandk,sync,0,10369,0.1907254897799685,3284067,599.7742705345154,0.0016350275474276265
gandk,sync,0,12223,0.163764613796413,3284067,599.7742705345154,0.0016350275474276265
gandk,sync,0,14409,0.1488378111169461,3284067,599.7742705345154,0.0016350275474276265
gandk,sync,0,16986,0.1367841032502453,3284067,599.7742705345154,0.0016350275474276265
gandk,sync,0,20023,0.1257889319873253,3284067,599.7742705345154,0.0016350275474276265
gandk,sync,0,23604,0.1155670300634911,3284067,599.7742705345154,0.0016350275474276265
gandk,sync,0,27825,0.1074334517382677,3284067,599.7742705345154,0.0016350275474276265
gandk,sync,0,32801,0.1038120750503456,3284067,599.7742705345154,0.0016350275474276265
gandk,sync,0,38666,0.1021429541751038,3284067,599.7742705345154,0.0016350275474276265
gandk,sync,0,45581,0.1000687355338187,3284067,599.7742705345154,0.0016350275474276265
gandk,sync,0,53732,0.0982942343231136,3284067,599.7742705345154,0.0016350275474276265
gandk,sync,0,63340,0.0965850460711497,3284067,599.7742705345154,0.0016350275474276265
gandk,sync,0,74666,0.094027972911553,3284067,599.7742705345154,0.0016350275474276265
gandk,sync,0,88018,0.090925836429052,3284067,599.7742705345154,0.0016350275474276265
gandk,sync,0,103758,0.0799459754753961,3284067,599.7742705345154,0.0016350275474276265
gandk,sync,0,122311,0.0705478662705484,3284067,599.7742705345154,0.0016350275474276265
gandk,sync,0,144183,0.0671855345596015,3284067,599.7742705345154,0.0016350275474276265
gandk,sync,0,169966,0.0634170939204574,3284067,599.7742705345154,0.0016350275474276265
gandk,sync,0,200359,0.0606961763756124,3284067,599.7742705345154,0.0016350275474276265
gandk,sync,0,236187,0.0568001153122111,3284067,599.7742705345154,0.0016350275474276265
gandk,sync,0,278422,0.054686690825724,3284067,599.7742705345154,0.0016350275474276265
gandk,sync,0,328210,0.0516068500197246,3284067,599.7742705345154,0.0016350275474276265
gandk,sync,0,386900,0.046887823372093,3284067,599.7742705345154,0.0016350275474276265
gandk,sync,0,456085,0.0445315285431395,3284067,599.7742705345154,0.0016350275474276265
gandk,sync,0,537642,0.0413787075604821,3284067,599.7742705345154,0.0016350275474276265
gandk,sync,0,633782,0.0388482880550684,3284067,599.7742705345154,0.0016350275474276265
gandk,sync,0,747115,0.0366868248797136,3284067,599.7742705345154,0.0016350275474276265
gandk,sync,0,880713,0.0353530544119954,3284067,599.7742705345154,0.0016350275474276265
gandk,sync,0,1038202,0.034317818201166,3284067,599.7742705345154,0.0016350275474276265
gandk,sync,0,1223852,0.0333434909507233,3284067,599.7742705345154,0.0016350275474276265
gandk,sync,0,1442700,0.032799270289015,3284067,599.7742705345154,0.0016350275474276265
gandk,sync,0,1700683,0.0312081016412528,3284067,599.7742705345154,0.0016350275474276265
gandk,sync,0,2004797,0.0297001966144803,3284067,599.7742705345154,0.0016350275474276265
gandk,sync,0,2363293,0.0279494719323519,3284067,599.7742705345154,0.0016350275474276265
gandk,sync,0,2785895,0.0270576060120814,3284067,599.7742705345154,0.0016350275474276265
gandk,sync,0,3284067,0.0259827591601188,3284067,599.7742705345154,0.0016350275474276265
gandk,sync,1,200,5.426513273495713,3730921,599.9995481967926,0.0016380479686748232
gandk,sync,1,236,4.9453213799367,3730921,599.9995481967926,0.0016380479686748232
gandk,sync,1,279,4.307250814301092,3730921,599.9995481967926,0.0016380479686748232
gandk,sync,1,329,3.631912689492013,3730921,599.9995481967926,0.0016380479686748232
gandk,sync,1,389,3.341500283820437,3730921,599.9995481967926,0.0016380479686748232
gandk,sync,1,460,3.2535792593144817,3730921,599.9995481967926,0.0016380479686748232
gandk,sync,1,543,2.880257305692802,3730921,599.9995481967926,0.0016380479686748232
gandk,sync,1,642,2.701978576815645,3730921,599.9995481967926,0.0016380479686748232
gandk,sync,1,758,2.51657333547879,3730921,599.9995481967926,0.0016380479686748232
gandk,sync,1,896,2.020050506137609,3730921,599.9995481967926,0.0016380479686748232
gandk,sync,1,1058,1.6813364213405255,3730921,599.9995481967926,0.0016380479686748232
gandk,sync,1,1251,1.4270050730377182,3730921,599.9995481967926,0.0016380479686748232
gandk,sync,1,1477,1.274877774388602,3730921,599.9995481967926,0.0016380479686748232
gandk,sync,1,1746,1.0065624201578878,3730921,599.9995481967926,0.0016380479686748232
gandk,sync,1,2062,0.8213063089546934,3730921,599.9995481967926,0.0016380479686748232
gandk,sync,1,2436,0.666959854753432,3730921,599.9995481967926,0.0016380479686748232
gandk,sync,1,2878,0.5368433483882172,3730921,599.9995481967926,0.0016380479686748232
gandk,sync,1,3400,0.4386797269630257,3730921,599.9995481967926,0.0016380479686748232
gandk,sync,1,4017,0.368889926517454,3730921,599.9995481967926,0.0016380479686748232
gandk,sync,1,4746,0.2861680990112895,3730921,599.9995481967926,0.0016380479686748232
gandk,sync,1,5607,0.254739720126767,3730921,599.9995481967926,0.0016380479686748232
gandk,sync,1,6624,0.2280576532237604,3730921,599.9995481967926,0.0016380479686748232
gandk,sync,1,7825,0.2165766562559988,3730921,599.9995481967926,0.0016380479686748232
gandk,sync,1,9245,0.1902726754638825,3730921,599.9995481967926,0.0016380479686748232
gandk,sync,1,10921,0.1658286878833926,3730921,599.9995481967926,0.0016380479686748232
gandk,sync,1,12902,0.1540606580272125,3730921,599.9995481967926,0.0016380479686748232
gandk,sync,1,15243,0.1380581453927947,3730921,599.9995481967926,0.0016380479686748232
gandk,sync,1,18007,0.1350821652037457,3730921,599.9995481967926,0.0016380479686748232
gandk,sync,1,21273,0.131039544485281,3730921,599.9995481967926,0.0016380479686748232
gandk,sync,1,25132,0.1260038578451225,3730921,599.9995481967926,0.0016380479686748232
gandk,sync,1,29690,0.1212657571774918,3730921,599.9995481967926,0.0016380479686748232
gandk,sync,1,35075,0.1171519690969362,3730921,599.9995481967926,0.0016380479686748232
gandk,sync,1,41437,0.1124036770163724,3730921,599.9995481967926,0.0016380479686748232
gandk,sync,1,48952,0.1070609483377039,3730921,599.9995481967926,0.0016380479686748232
gandk,sync,1,57831,0.1019983075335354,3730921,599.9995481967926,0.0016380479686748232
gandk,sync,1,68319,0.0987758239080462,3730921,599.9995481967926,0.0016380479686748232
gandk,sync,1,80711,0.0909598686066731,3730921,599.9995481967926,0.0016380479686748232
gandk,sync,1,95349,0.0781228665643977,3730921,599.9995481967926,0.0016380479686748232
gandk,sync,1,112643,0.0707545347182508,3730921,599.9995481967926,0.0016380479686748232
gandk,sync,1,133073,0.066267574577817,3730921,599.9995481967926,0.0016380479686748232
gandk,sync,1,157209,0.0621847213333757,3730921,599.9995481967926,0.0016380479686748232
gandk,sync,1,185722,0.0587698394476559,3730921,599.9995481967926,0.0016380479686748232
gandk,sync,1,219407,0.0561952462204193,3730921,599.9995481967926,0.0016380479686748232
gandk,sync,1,259201,0.0548978647886602,3730921,599.9995481967926,0.0016380479686748232
gandk,sync,1,306212,0.0526892354545541,3730921,599.9995481967926,0.0016380479686748232
gandk,sync,1,361750,0.0508557749526464,3730921,599.9995481967926,0.0016380479686748232
gandk,sync,1,427361,0.0486902506685782,3730921,599.9995481967926,0.0016380479686748232
gandk,sync,1,504872,0.0463574229392208,3730921,599.9995481967926,0.0016380479686748232
gandk,sync,1,596441,0.0414498773108195,3730921,599.9995481967926,0.0016380479686748232
gandk,sync,1,704618,0.0385306993423249,3730921,599.9995481967926,0.0016380479686748232
gandk,sync,1,832415,0.036302670852026,3730921,599.9995481967926,0.0016380479686748232
gandk,sync,1,983391,0.0340404488818665,3730921,599.9995481967926,0.0016380479686748232
gandk,sync,1,1161749,0.032239903160273,3730921,599.9995481967926,0.0016380479686748232
gandk,sync,1,1372457,0.0312881099068155,3730921,599.9995481967926,0.0016380479686748232
gandk,sync,1,1621380,0.0305056668623453,3730921,599.9995481967926,0.0016380479686748232
gandk,sync,1,1915451,0.0300414133967869,3730921,599.9995481967926,0.0016380479686748232
gandk,sync,1,2262858,0.0290543335309129,3730921,599.9995481967926,0.0016380479686748232
gandk,sync,1,2673275,0.0278048066425609,3730921,599.9995481967926,0.0016380479686748232
gandk,sync,1,3158128,0.0268744091816577,3730921,599.9995481967926,0.0016380479686748232
gandk,sync,1,3730921,0.0257300669395891,3730921,599.9995481967926,0.0016380479686748232
gandk,sync,2,200,5.636776794661122,3811120,599.9999997615814,0.001628419820448931
gandk,sync,2,236,5.192262438862779,3811120,599.9999997615814,0.001628419820448931
gandk,sync,2,279,4.504918426239327,3811120,599.9999997615814,0.001628419820448931
gandk,sync,2,330,3.996844855368847,3811120,599.9999997615814,0.001628419820448931
gandk,sync,2,390,3.6789617504753616,3811120,599.9999997615814,0.001628419820448931
gandk,sync,2,461,3.379428957182984,3811120,599.9999997615814,0.001628419820448931
gandk,sync,2,544,2.7638834266500587,3811120,599.9999997615814,0.001628419820448931
gandk,sync,2,643,2.357026106996561,3811120,599.9999997615814,0.001628419820448931
gandk,sync,2,760,1.9632958643616172,3811120,599.9999997615814,0.001628419820448931
gandk,sync,2,899,1.8026937410849573,3811120,599.9999997615814,0.001628419820448931
gandk,sync,2,1062,1.620313542072789,3811120,599.9999997615814,0.001628419820448931
gandk,sync,2,1256,1.3950354223638686,3811120,599.9999997615814,0.001628419820448931
gandk,sync,2,1484,1.1786486375246077,3811120,599.9999997615814,0.001628419820448931
gandk,sync,2,1754,0.9291409124124212,3811120,599.9999997615814,0.001628419820448931
gandk,sync,2,2073,0.7715231669201539,3811120,599.9999997615814,0.001628419820448931
gandk,sync,2,2450,0.5838969580536605,3811120,599.9999997615814,0.001628419820448931
gandk,sync,2,2895,0.4834535124387134,3811120,599.9999997615814,0.001628419820448931
gandk,sync,2,3421,0.4487103714563124,3811120,599.9999997615814,0.001628419820448931
gandk,sync,2,4043,0.4063087327010528,3811120,599.9999997615814,0.001628419820448931
gandk,sync,2,4779,0.3697402565010037,3811120,599.9999997615814,0.001628419820448931
gandk,sync,2,5647,0.2858084424589368,3811120,599.9999997615814,0.001628419820448931
gandk,sync,2,6674,0.2441429768780864,3811120,599.9999997615814,0.001628419820448931
gandk,sync,2,7888,0.222787988257561,3811120,599.9999997615814,0.001628419820448931
gandk,sync,2,9322,0.2032203246724668,3811120,599.9999997615814,0.001628419820448931
gandk,sync,2,11016,0.1699109873964909,3811120,599.9999997615814,0.001628419820448931
gandk,sync,2,13019,0.1504158551916428,3811120,599.9999997615814,0.001628419820448931
gandk,sync,2,15386,0.1392337654626453,3811120,599.9999997615814,0.001628419820448931
gandk,sync,2,18183,0.1267456862781123,3811120,599.9999997615814,0.001628419820448931
gandk,sync,2,21489,0.1195931070513318,3811120,599.9999997615814,0.001628419820448931
gandk,sync,2,25396,0.1129058388319561,3811120,599.9999997615814,0.001628419820448931
gandk,sync,2,30013,0.1043671870808658,3811120,599.9999997615814,0.001628419820448931
gandk,sync,2,35469,0.100382395287034,3811120,599.9999997615814,0.001628419820448931
gandk,sync,2,41917,0.0934045937595908,3811120,599.9999997615814,0.001628419820448931
gandk,sync,2,49538,0.0872974371396086,3811120,599.9999997615814,0.001628419820448931
gandk,sync,2,58544,0.0820083633843567,3811120,599.9999997615814,0.001628419820448931
gandk,sync,2,69187,0.0764126929024719,3811120,599.9999997615814,0.001628419820448931
gandk,sync,2,81765,0.0713403253225802,3811120,599.9999997615814,0.001628419820448931
gandk,sync,2,96630,0.0677237410567997,3811120,599.9999997615814,0.001628419820448931
gandk,sync,2,114197,0.0618514557263257,3811120,599.9999997615814,0.001628419820448931
gandk,sync,2,134957,0.0563046603303554,3811120,599.9999997615814,0.001628419820448931
gandk,sync,2,159492,0.0542163704315006,3811120,599.9999997615814,0.001628419820448931
gandk,sync,2,188487,0.052761458777914,3811120,599.9999997615814,0.001628419820448931
gandk,sync,2,222754,0.0492965599195344,3811120,599.9999997615814,0.001628419820448931
gandk,sync,2,263250,0.0475388205307358,3811120,599.9999997615814,0.001628419820448931
gandk,sync,2,311108,0.045566222901117,3811120,599.9999997615814,0.001628419820448931
gandk,sync,2,367666,0.0443555310584699,3811120,599.9999997615814,0.001628419820448931
gandk,sync,2,434507,0.0433622499583027,3811120,599.9999997615814,0.001628419820448931
gandk,sync,2,513498,0.0426315245577155,3811120,599.9999997615814,0.001628419820448931
gandk,sync,2,606851,0.0416755068911315,3811120,599.9999997615814,0.001628419820448931
gandk,sync,2,717174,0.0409979995987633,3811120,599.9999997615814,0.001628419820448931
gandk,sync,2,847554,0.0399271955612603,3811120,599.9999997615814,0.001628419820448931
gandk,sync,2,1001637,0.0389045938647953,3811120,599.9999997615814,0.001628419820448931
gandk,sync,2,1183731,0.0378634385664822,3811120,599.9999997615814,0.001628419820448931
gandk,sync,2,1398930,0.0339064451814169,3811120,599.9999997615814,0.001628419820448931
gandk,sync,2,1653251,0.0322140549125664,3811120,599.9999997615814,0.001628419820448931
gandk,sync,2,1953806,0.0307933307082719,3811120,599.9999997615814,0.001628419820448931
gandk,sync,2,2309002,0.0293163074903084,3811120,599.9999997615814,0.001628419820448931
gandk,sync,2,2728771,0.0279053953889474,3811120,599.9999997615814,0.001628419820448931
gandk,sync,2,3224852,0.0268180276632171,3811120,599.9999997615814,0.001628419820448931
gandk,sync,2,3811120,0.0259803472516164,3811120,599.9999997615814,0.001628419820448931
gandk,sync,3,200,5.482333336313772,6530943,599.9997475147247,0.0016559426850240612
gandk,sync,3,238,4.614432136827808,6530943,599.9997475147247,0.0016559426850240612
gandk,sync,3,284,3.940244552261176,6530943,599.9997475147247,0.0016559426850240612
gandk,sync,3,339,3.518467179725362,6530943,599.9997475147247,0.0016559426850240612
gandk,sync,3,404,3.1135057023333177,6530943,599.9997475147247,0.0016559426850240612
gandk,sync,3,482,2.673627077825974,6530943,599.9997475147247,0.0016559426850240612
gandk,sync,3,575,2.365134757581881,6530943,599.9997475147247,0.0016559426850240612
gandk,sync,3,686,2.1279975130881064,6530943,599.9997475147247,0.0016559426850240612
gandk,sync,3,818,1.6418527456437109,6530943,599.9997475147247,0.0016559426850240612
gandk,sync,3,976,1.4533806468698,6530943,599.9997475147247,0.0016559426850240612
gandk,sync,3,1164,1.3016634861625125,6530943,599.9997475147247,0.0016559426850240612
gandk,sync,3,1388,1.1821970995609332,6530943,599.9997475147247,0.0016559426850240612
gandk,sync,3,1656,1.019515793732773,6530943,599.9997475147247,0.0016559426850240612
gandk,sync,3,1975,0.9067432004978871,6530943,599.9997475147247,0.0016559426850240612
gandk,sync,3,2355,0.8116801110217355,6530943,599.9997475147247,0.0016559426850240612
gandk,sync,3,2809,0.6501836422817152,6530943,599.9997475147247,0.0016559426850240612
gandk,sync,3,3350,0.5165662367725127,6530943,599.9997475147247,0.0016559426850240612
gandk,sync,3,3996,0.3884229268369638,6530943,599.9997475147247,0.0016559426850240612
gandk,sync,3,4766,0.3106630004379456,6530943,599.9997475147247,0.0016559426850240612
gandk,sync,3,5684,0.2713809993867032,6530943,599.9997475147247,0.0016559426850240612
gandk,sync,3,6779,0.2404517136170668,6530943,599.9997475147247,0.0016559426850240612
gandk,sync,3,8085,0.2108495450607324,6530943,599.9997475147247,0.0016559426850240612
gandk,sync,3,9642,0.1870063675415947,6530943,599.9997475147247,0.0016559426850240612
gandk,sync,3,11500,0.1639440846064551,6530943,599.9997475147247,0.0016559426850240612
gandk,sync,3,13715,0.1539572882537523,6530943,599.9997475147247,0.0016559426850240612
gandk,sync,3,16357,0.1432412978238118,6530943,599.9997475147247,0.0016559426850240612
gandk,sync,3,19508,0.1279940898752639,6530943,599.9997475147247,0.0016559426850240612
gandk,sync,3,23266,0.1201227876846403,6530943,599.9997475147247,0.0016559426850240612
gandk,sync,3,27748,0.1124866381636723,6530943,599.9997475147247,0.0016559426850240612
gandk,sync,3,33093,0.1025635845778083,6530943,599.9997475147247,0.0016559426850240612
gandk,sync,3,39469,0.0990135873403838,6530943,599.9997475147247,0.0016559426850240612
gandk,sync,3,47072,0.0962006126658822,6530943,599.9997475147247,0.0016559426850240612
gandk,sync,3,56139,0.0904502040303002,6530943,599.9997475147247,0.0016559426850240612
gandk,sync,3,66954,0.0831442694831622,6530943,599.9997475147247,0.0016559426850240612
gandk,sync,3,79852,0.0765239132401393,6530943,599.9997475147247,0.0016559426850240612
gandk,sync,3,95234,0.0710490820699555,6530943,599.9997475147247,0.0016559426850240612
gandk,sync,3,113580,0.065784478462132,6530943,599.9997475147247,0.0016559426850240612
gandk,sync,3,135459,0.0621699604734217,6530943,599.9997475147247,0.0016559426850240612
gandk,sync,3,161553,0.0592233833949398,6530943,599.9997475147247,0.0016559426850240612
gandk,sync,3,192674,0.0552707336974148,6530943,599.9997475147247,0.0016559426850240612
gandk,sync,3,229790,0.0520882933842134,6530943,599.9997475147247,0.0016559426850240612
gandk,sync,3,274056,0.0506182486118594,6530943,599.9997475147247,0.0016559426850240612
gandk,sync,3,326849,0.048037268511579,6530943,599.9997475147247,0.0016559426850240612
gandk,sync,3,389811,0.0463578845799466,6530943,599.9997475147247,0.0016559426850240612
gandk,sync,3,464903,0.0442101975718191,6530943,599.9997475147247,0.0016559426850240612
gandk,sync,3,554459,0.0425746220684623,6530943,599.9997475147247,0.0016559426850240612
gandk,sync,3,661268,0.0408662891921491,6530943,599.9997475147247,0.0016559426850240612
gandk,sync,3,788651,0.0387255765486671,6530943,599.9997475147247,0.0016559426850240612
gandk,sync,3,940573,0.0369301414101678,6530943,599.9997475147247,0.0016559426850240612
gandk,sync,3,1121760,0.0350260053606148,6530943,599.9997475147247,0.0016559426850240612
gandk,sync,3,1337851,0.0336028056896003,6530943,599.9997475147247,0.0016559426850240612
gandk,sync,3,1595568,0.0330066177036915,6530943,599.9997475147247,0.0016559426850240612
gandk,sync,3,1902930,0.0315385404594696,6530943,599.9997475147247,0.0016559426850240612
gandk,sync,3,2269501,0.0305612490868609,6530943,599.9997475147247,0.0016559426850240612
gandk,sync,3,2706687,0.0295698270178526,6530943,599.9997475147247,0.0016559426850240612
gandk,sync,3,3228090,0.0292113814916449,6530943,599.9997475147247,0.0016559426850240612
gandk,sync,3,3849933,0.0283359317196267,6530943,599.9997475147247,0.0016559426850240612
gandk,sync,3,4591565,0.0279289828331854,6530943,599.9997475147247,0.0016559426850240612
gandk,sync,3,5476061,0.0271665667953279,6530943,599.9997475147247,0.0016559426850240612
gandk,sync,3,6530943,0.0267379766645171,6530943,599.9997475147247,0.0016559426850240612
gandk,sync,4,200,6.035722976225443,7034577,599.9999947547913,0.0016782515668205054
gandk,sync,4,238,5.24484000711908,7034577,599.9999947547913,0.0016782515668205054
gandk,sync,4,285,4.836940395049645,7034577,599.9999947547913,0.0016782515668205054
gandk,sync,4,340,4.423924555910198,7034577,599.9999947547913,0.0016782515668205054
gandk,sync,4,406,3.7133684307272654,7034577,599.9999947547913,0.0016782515668205054
gandk,sync,4,485,3.147906869342353,7034577,599.9999947547913,0.0016782515668205054
gandk,sync,4,579,2.6530229463240604,7034577,599.9999947547913,0.0016782515668205054
gandk,sync,4,692,2.3107306040971336,7034577,599.9999947547913,0.0016782515668205054
gandk,sync,4,826,2.05422496484187,7034577,599.9999947547913,0.0016782515668205054
gandk,sync,4,987,1.8834330488648732,7034577,599.9999947547913,0.0016782515668205054
gandk,sync,4,1179,1.696773883089958,7034577,599.9999947547913,0.0016782515668205054
gandk,sync,4,1408,1.3792392191674392,7034577,599.9999947547913,0.0016782515668205054
gandk,sync,4,1681,1.1195465097949986,7034577,599.9999947547913,0.0016782515668205054
gandk,sync,4,2007,0.9506736074072424,7034577,599.9999947547913,0.0016782515668205054
gandk,sync,4,2397,0.8081741859193944,7034577,599.9999947547913,0.0016782515668205054
gandk,sync,4,2863,0.5979899324749077,7034577,599.9999947547913,0.0016782515668205054
gandk,sync,4,3419,0.4315232765880557,7034577,599.9999947547913,0.0016782515668205054
gandk,sync,4,4082,0.3560433676697221,7034577,599.9999947547913,0.0016782515668205054
gandk,sync,4,4875,0.3035453530042287,7034577,599.9999947547913,0.0016782515668205054
gandk,sync,4,5821,0.2570899262232704,7034577,599.9999947547913,0.0016782515668205054
gandk,sync,4,6952,0.2287152317056289,7034577,599.9999947547913,0.0016782515668205054
gandk,sync,4,8301,0.2095414187921165,7034577,599.9999947547913,0.0016782515668205054
gandk,sync,4,9913,0.1927320319119749,7034577,599.9999947547913,0.0016782515668205054
gandk,sync,4,11838,0.1806238301855068,7034577,599.9999947547913,0.0016782515668205054
gandk,sync,4,14136,0.1654306191544325,7034577,599.9999947547913,0.0016782515668205054
gandk,sync,4,16880,0.1473740578851732,7034577,599.9999947547913,0.0016782515668205054
gandk,sync,4,20157,0.1318442028314213,7034577,599.9999947547913,0.0016782515668205054
gandk,sync,4,24071,0.119148691212492,7034577,599.9999947547913,0.0016782515668205054
gandk,sync,4,28744,0.1117379676115646,7034577,599.9999947547913,0.0016782515668205054
gandk,sync,4,34324,0.1030092597967389,7034577,599.9999947547913,0.0016782515668205054
gandk,sync,4,40988,0.0922512814738397,7034577,599.9999947547913,0.0016782515668205054
gandk,sync,4,48945,0.0860674401265033,7034577,599.9999947547913,0.0016782515668205054
gandk,sync,4,58448,0.081331750171104,7034577,599.9999947547913,0.0016782515668205054
gandk,sync,4,69794,0.0755852904938483,7034577,599.9999947547913,0.0016782515668205054
gandk,sync,4,83344,0.0707221309476877,7034577,599.9999947547913,0.0016782515668205054
gandk,sync,4,99525,0.0645267983489693,7034577,599.9999947547913,0.0016782515668205054
gandk,sync,4,118846,0.0615482751487829,7034577,599.9999947547913,0.0016782515668205054
gandk,sync,4,141919,0.0571047885863249,7034577,599.9999947547913,0.0016782515668205054
gandk,sync,4,169471,0.0542306523023308,7034577,599.9999947547913,0.0016782515668205054
gandk,sync,4,202372,0.052028303071603,7034577,599.9999947547913,0.0016782515668205054
gandk,sync,4,241660,0.0506018091067551,7034577,599.9999947547913,0.0016782515668205054
gandk,sync,4,288575,0.0484317439515349,7034577,599.9999947547913,0.0016782515668205054
gandk,sync,4,344598,0.0468943738781159,7034577,599.9999947547913,0.0016782515668205054
gandk,sync,4,411498,0.0448907447669627,7034577,599.9999947547913,0.0016782515668205054
gandk,sync,4,491385,0.0439559281281565,7034577,599.9999947547913,0.0016782515668205054
gandk,sync,4,586781,0.0422791669866079,7034577,599.9999947547913,0.0016782515668205054
gandk,sync,4,700698,0.0413085633574426,7034577,599.9999947547913,0.0016782515668205054
gandk,sync,4,836730,0.0384412476060509,7034577,599.9999947547913,0.0016782515668205054
gandk,sync,4,999171,0.0369192466936598,7034577,599.9999947547913,0.0016782515668205054
gandk,sync,4,1193147,0.0351392677351774,7034577,599.9999947547913,0.0016782515668205054
gandk,sync,4,1424782,0.0332614694081798,7034577,599.9999947547913,0.0016782515668205054
gandk,sync,4,1701386,0.0320524138548887,7034577,599.9999947547913,0.0016782515668205054
gandk,sync,4,2031689,0.0309543380878003,7034577,599.9999947547913,0.0016782515668205054
gandk,sync,4,2426117,0.0301170793652377,7034577,599.9999947547913,0.0016782515668205054
gandk,sync,4,2897117,0.0289331839645647,7034577,599.9999947547913,0.0016782515668205054
gandk,sync,4,3459557,0.0278254780514279,7034577,599.9999947547913,0.0016782515668205054
gandk,sync,4,4131187,0.0273515024945645,7034577,599.9999947547913,0.0016782515668205054
gandk,sync,4,4933205,0.026258970253535,7034577,599.9999947547913,0.0016782515668205054
gandk,sync,4,5890926,0.0253460145844267,7034577,599.9999947547913,0.0016782515668205054
gandk,sync,4,7034577,0.0245483666014541,7034577,599.9999947547913,0.0016782515668205054
gandk,async,0,200,6.455083947081979,1779623,599.9997963905334,0.0017517007690346098
gandk,async,0,233,5.800842982103643,1779623,599.9997963905334,0.0017517007690346098
gandk,async,0,272,5.229496333072715,1779623,599.9997963905334,0.0017517007690346098
gandk,async,0,317,4.634145655051976,1779623,599.9997963905334,0.0017517007690346098
gandk,async,0,370,4.085122838677478,1779623,599.9997963905334,0.0017517007690346098
gandk,async,0,432,3.454182176527186,1779623,599.9997963905334,0.0017517007690346098
gandk,async,0,504,2.9834443397837034,1779623,599.9997963905334,0.0017517007690346098
gandk,async,0,588,2.475468911939234,1779623,599.9997963905334,0.0017517007690346098
gandk,async,0,686,2.2446780769724946,1779623,599.9997963905334,0.0017517007690346098
gandk,async,0,800,1.8840971426627489,1779623,599.9997963905334,0.0017517007690346098
gandk,async,0,934,1.5147658500875434,1779623,599.9997963905334,0.0017517007690346098
gandk,async,0,1089,1.2507186424147332,1779623,599.9997963905334,0.0017517007690346098
gandk,async,0,1271,1.0569291358859392,1779623,599.9997963905334,0.0017517007690346098
gandk,async,0,1483,0.8281119817195425,1779623,599.9997963905334,0.0017517007690346098
gandk,async,0,1730,0.6681783725835212,1779623,599.9997963905334,0.0017517007690346098
gandk,async,0,2018,0.4989844143170581,1779623,599.9997963905334,0.0017517007690346098
gandk,async,0,2355,0.409521285880953,1779623,599.9997963905334,0.0017517007690346098
gandk,async,0,2747,0.3437089334954467,1779623,599.9997963905334,0.0017517007690346098
gandk,async,0,3205,0.3053485287264419,1779623,599.9997963905334,0.0017517007690346098
gandk,async,0,3739,0.2812354978476777,1779623,599.9997963905334,0.0017517007690346098
gandk,async,0,4362,0.2454010084646177,1779623,599.9997963905334,0.0017517007690346098
gandk,async,0,5089,0.2055865261412612,1779623,599.9997963905334,0.0017517007690346098
gandk,async,0,5938,0.179817433845987,1779623,599.9997963905334,0.0017517007690346098
gandk,async,0,6927,0.1650829186459992,1779623,599.9997963905334,0.0017517007690346098
gandk,async,0,8082,0.144884938934267,1779623,599.9997963905334,0.0017517007690346098
gandk,async,0,9428,0.1283642819024944,1779623,599.9997963905334,0.0017517007690346098
gandk,async,0,11000,0.1169286067446317,1779623,599.9997963905334,0.0017517007690346098
gandk,async,0,12833,0.1046300906830384,1779623,599.9997963905334,0.0017517007690346098
gandk,async,0,14971,0.0999910392720157,1779623,599.9997963905334,0.0017517007690346098
gandk,async,0,17466,0.0942472006629432,1779623,599.9997963905334,0.0017517007690346098
gandk,async,0,20377,0.0891655281924791,1779623,599.9997963905334,0.0017517007690346098
gandk,async,0,23773,0.0841892457601438,1779623,599.9997963905334,0.0017517007690346098
gandk,async,0,27734,0.0806270416107946,1779623,599.9997963905334,0.0017517007690346098
gandk,async,0,32356,0.0774956234731826,1779623,599.9997963905334,0.0017517007690346098
gandk,async,0,37748,0.0731477420180349,1779623,599.9997963905334,0.0017517007690346098
gandk,async,0,44038,0.0694473812698628,1779623,599.9997963905334,0.0017517007690346098
gandk,async,0,51377,0.0677942423252671,1779623,599.9997963905334,0.0017517007690346098
gandk,async,0,59938,0.0628846306908203,1779623,599.9997963905334,0.0017517007690346098
gandk,async,0,69927,0.0600382283280278,1779623,599.9997963905334,0.0017517007690346098
gandk,async,0,81579,0.0585265190576065,1779623,599.9997963905334,0.0017517007690346098
gandk,async,0,95174,0.0569071324766221,1779623,599.9997963905334,0.0017517007690346098
gandk,async,0,111034,0.0550522624130605,1779623,599.9997963905334,0.0017517007690346098
gandk,async,0,129537,0.0533116810939193,1779623,599.9997963905334,0.0017517007690346098
gandk,async,0,151123,0.0505748094528105,1779623,599.9997963905334,0.0017517007690346098
gandk,async,0,176306,0.0479079215016873,1779623,599.9997963905334,0.0017517007690346098
gandk,async,0,205686,0.0466996168997052,1779623,599.9997963905334,0.0017517007690346098
gandk,async,0,239962,0.0446047248326468,1779623,599.9997963905334,0.0017517007690346098
gandk,async,0,279950,0.043144863680009,1779623,599.9997963905334,0.0017517007690346098
gandk,async,0,326601,0.0420633144878832,1779623,599.9997963905334,0.0017517007690346098
gandk,async,0,381026,0.0407771330850817,1779623,599.9997963905334,0.0017517007690346098
gandk,async,0,444521,0.0392924104381698,1779623,599.9997963905334,0.0017517007690346098
gandk,async,0,518596,0.0379208327739448,1779623,599.9997963905334,0.0017517007690346098
gandk,async,0,605016,0.0364597470736219,1779623,599.9997963905334,0.0017517007690346098
gandk,async,0,705837,0.0344577245985376,1779623,599.9997963905334,0.0017517007690346098
gandk,async,0,823458,0.0332529845961803,1779623,599.9997963905334,0.0017517007690346098
gandk,async,0,960680,0.0322637537103492,1779623,599.9997963905334,0.0017517007690346098
gandk,async,0,1120769,0.0314621609829014,1779623,599.9997963905334,0.0017517007690346098
gandk,async,0,1307535,0.0308501379449476,1779623,599.9997963905334,0.0017517007690346098
gandk,async,0,1525424,0.0303532364552954,1779623,599.9997963905334,0.0017517007690346098
gandk,async,0,1779623,0.0295494138059603,1779623,599.9997963905334,0.0017517007690346098
gandk,async,1,200,6.462707065028416,1712708,599.9992110729218,0.0017541611482237022
gandk,async,1,233,5.794799600427373,1712708,599.9992110729218,0.0017541611482237022
gandk,async,1,271,5.073364113909764,1712708,599.9992110729218,0.0017541611482237022
gandk,async,1,316,4.574960491509835,1712708,599.9992110729218,0.0017541611482237022
gandk,async,1,369,3.746796220025056,1712708,599.9992110729218,0.0017541611482237022
gandk,async,1,430,3.2853216247042387,1712708,599.9992110729218,0.0017541611482237022
gandk,async,1,502,2.766021930327424,1712708,599.9992110729218,0.0017541611482237022
gandk,async,1,585,2.507082206345451,1712708,599.9992110729218,0.0017541611482237022
gandk,async,1,682,2.071311648597761,1712708,599.9992110729218,0.0017541611482237022
gandk,async,1,796,1.785430143745257,1712708,599.9992110729218,0.0017541611482237022
gandk,async,1,928,1.438583711125985,1712708,599.9992110729218,0.0017541611482237022
gandk,async,1,1082,1.0793031436916498,1712708,599.9992110729218,0.0017541611482237022
gandk,async,1,1261,0.8955569085453221,1712708,599.9992110729218,0.0017541611482237022
gandk,async,1,1470,0.7654863306866739,1712708,599.9992110729218,0.0017541611482237022
gandk,async,1,1714,0.6185835511483901,1712708,599.9992110729218,0.0017541611482237022
gandk,async,1,1999,0.5191097202349113,1712708,599.9992110729218,0.0017541611482237022
gandk,async,1,2330,0.4366669017070876,1712708,599.9992110729218,0.0017541611482237022
gandk,async,1,2717,0.3575395316844784,1712708,599.9992110729218,0.0017541611482237022
gandk,async,1,3168,0.3007694889172658,1712708,599.9992110729218,0.0017541611482237022
gandk,async,1,3693,0.2615526379315312,1712708,599.9992110729218,0.0017541611482237022
gandk,async,1,4306,0.2277631531323397,1712708,599.9992110729218,0.0017541611482237022
gandk,async,1,5020,0.1953675039506057,1712708,599.9992110729218,0.0017541611482237022
gandk,async,1,5853,0.165936250270246,1712708,599.9992110729218,0.0017541611482237022
gandk,async,1,6824,0.1417551778202015,1712708,599.9992110729218,0.0017541611482237022
gandk,async,1,7957,0.1194351694173215,1712708,599.9992110729218,0.0017541611482237022
gandk,async,1,9277,0.1088287339167183,1712708,599.9992110729218,0.0017541611482237022
gandk,async,1,10815,0.096675084765154,1712708,599.9992110729218,0.0017541611482237022
gandk,async,1,12610,0.0892476164628287,1712708,599.9992110729218,0.0017541611482237022
gandk,async,1,14701,0.0857285272953462,1712708,599.9992110729218,0.0017541611482237022
gandk,async,1,17140,0.0822010438234812,1712708,599.9992110729218,0.0017541611482237022
gandk,async,1,19984,0.079518652619891,1712708,599.9992110729218,0.0017541611482237022
gandk,async,1,23299,0.0765150564756074,1712708,599.9992110729218,0.0017541611482237022
gandk,async,1,27164,0.0730682975752845,1712708,599.9992110729218,0.0017541611482237022
gandk,async,1,31670,0.0718754950328224,1712708,599.9992110729218,0.0017541611482237022
gandk,async,1,36923,0.0674251135068119,1712708,599.9992110729218,0.0017541611482237022
gandk,async,1,43048,0.0649812388992063,1712708,599.9992110729218,0.0017541611482237022
gandk,async,1,50189,0.0621703904055021,1712708,599.9992110729218,0.0017541611482237022
gandk,async,1,58515,0.0593201981077408,1712708,599.9992110729218,0.0017541611482237022
gandk,async,1,68222,0.056377936166101,1712708,599.9992110729218,0.0017541611482237022
gandk,async,1,79539,0.0540298511800671,1712708,599.9992110729218,0.0017541611482237022
gandk,async,1,92733,0.0515194116889069,1712708,599.9992110729218,0.0017541611482237022
gandk,async,1,108116,0.0508984198281553,1712708,599.9992110729218,0.0017541611482237022
gandk,async,1,126050,0.0490107096228413,1712708,599.9992110729218,0.0017541611482237022
gandk,async,1,146960,0.0479671562029881,1712708,599.9992110729218,0.0017541611482237022
gandk,async,1,171338,0.0467500134151193,1712708,599.9992110729218,0.0017541611482237022
gandk,async,1,199761,0.0454171511431558,1712708,599.9992110729218,0.0017541611482237022
gandk,async,1,232898,0.0440516487363962,1712708,599.9992110729218,0.0017541611482237022
gandk,async,1,271532,0.0425530129727514,1712708,599.9992110729218,0.0017541611482237022
gandk,async,1,316575,0.0416835060864584,1712708,599.9992110729218,0.0017541611482237022
gandk,async,1,369089,0.0407491504182249,1712708,599.9992110729218,0.0017541611482237022
gandk,async,1,430315,0.0400561338863924,1712708,599.9992110729218,0.0017541611482237022
gandk,async,1,501697,0.0387119674255887,1712708,599.9992110729218,0.0017541611482237022
gandk,async,1,584921,0.0373108210248697,1712708,599.9992110729218,0.0017541611482237022
gandk,async,1,681949,0.0350993767787451,1712708,599.9992110729218,0.0017541611482237022
gandk,async,1,795074,0.0340990727830942,1712708,599.9992110729218,0.0017541611482237022
gandk,async,1,926963,0.0330621819188162,1712708,599.9992110729218,0.0017541611482237022
gandk,async,1,1080731,0.0322603084192671,1712708,599.9992110729218,0.0017541611482237022
gandk,async,1,1260007,0.0312145697031613,1712708,599.9992110729218,0.0017541611482237022
gandk,async,1,1469021,0.0304692059602576,1712708,599.9992110729218,0.0017541611482237022
gandk,async,1,1712708,0.0296823756334997,1712708,599.9992110729218,0.0017541611482237022
gandk,async,2,200,6.440884790254563,1745586,599.9999363422394,0.001752487651112341
gandk,async,2,233,5.611274957178961,1745586,599.9999363422394,0.001752487651112341
gandk,async,2,272,5.066771264167126,1745586,599.9999363422394,0.001752487651112341
gandk,async,2,317,4.24091917042229,1745586,599.9999363422394,0.001752487651112341
gandk,async,2,370,3.779513854761413,1745586,599.9999363422394,0.001752487651112341
gandk,async,2,431,3.2158803773774784,1745586,599.9999363422394,0.001752487651112341
gandk,async,2,503,2.765588174808161,1745586,599.9999363422394,0.001752487651112341
gandk,async,2,586,2.356582292497847,1745586,599.9999363422394,0.001752487651112341
gandk,async,2,684,2.084033392596027,1745586,599.9999363422394,0.001752487651112341
gandk,async,2,798,1.7001217037656988,1745586,599.9999363422394,0.001752487651112341
gandk,async,2,931,1.4283752604549005,1745586,599.9999363422394,0.001752487651112341
gandk,async,2,1085,1.2273355853426426,1745586,599.9999363422394,0.001752487651112341
gandk,async,2,1266,0.9840278197620724,1745586,599.9999363422394,0.001752487651112341
gandk,async,2,1476,0.7698818209295181,1745586,599.9999363422394,0.001752487651112341
gandk,async,2,1722,0.6529653470993447,1745586,599.9999363422394,0.001752487651112341
gandk,async,2,2008,0.5167785079009815,1745586,599.9999363422394,0.001752487651112341
gandk,async,2,2342,0.4109460494287464,1745586,599.9999363422394,0.001752487651112341
gandk,async,2,2732,0.3536478054242353,1745586,599.9999363422394,0.001752487651112341
gandk,async,2,3186,0.3096411845680537,1745586,599.9999363422394,0.001752487651112341
gandk,async,2,3716,0.2652097477341957,1745586,599.9999363422394,0.001752487651112341
gandk,async,2,4334,0.2320650193719464,1745586,599.9999363422394,0.001752487651112341
gandk,async,2,5055,0.2089046642782246,1745586,599.9999363422394,0.001752487651112341
gandk,async,2,5895,0.1866202143235851,1745586,599.9999363422394,0.001752487651112341
gandk,async,2,6875,0.1653458689457039,1745586,599.9999363422394,0.001752487651112341
gandk,async,2,8018,0.1417095306509052,1745586,599.9999363422394,0.001752487651112341
gandk,async,2,9352,0.1250477282631807,1745586,599.9999363422394,0.001752487651112341
gandk,async,2,10906,0.1084681774343666,1745586,599.9999363422394,0.001752487651112341
gandk,async,2,12720,0.1004080993002158,1745586,599.9999363422394,0.001752487651112341
gandk,async,2,14835,0.0916059871713792,1745586,599.9999363422394,0.001752487651112341
gandk,async,2,17301,0.0855357340572867,1745586,599.9999363422394,0.001752487651112341
gandk,async,2,20178,0.0793118589133013,1745586,599.9999363422394,0.001752487651112341
gandk,async,2,23533,0.0747048517789554,1745586,599.9999363422394,0.001752487651112341
gandk,async,2,27445,0.0730704663634527,1745586,599.9999363422394,0.001752487651112341
gandk,async,2,32008,0.0689642119153225,1745586,599.9999363422394,0.001752487651112341
gandk,async,2,37330,0.0666324690996497,1745586,599.9999363422394,0.001752487651112341
gandk,async,2,43537,0.0651540213526576,1745586,599.9999363422394,0.001752487651112341
gandk,async,2,50775,0.0614642402759724,1745586,599.9999363422394,0.001752487651112341
gandk,async,2,59217,0.0594934011775622,1745586,599.9999363422394,0.001752487651112341
gandk,async,2,69062,0.0560447101123878,1745586,599.9999363422394,0.001752487651112341
gandk,async,2,80545,0.0545901232168082,1745586,599.9999363422394,0.001752487651112341
gandk,async,2,93936,0.0531398374126152,1745586,599.9999363422394,0.001752487651112341
gandk,async,2,109554,0.0505298830550895,1745586,599.9999363422394,0.001752487651112341
gandk,async,2,127768,0.0494892798055605,1745586,599.9999363422394,0.001752487651112341
gandk,async,2,149011,0.0484451315851307,1745586,599.9999363422394,0.001752487651112341
gandk,async,2,173785,0.0473503078753482,1745586,599.9999363422394,0.001752487651112341
gandk,async,2,202679,0.0455188364402388,1745586,599.9999363422394,0.001752487651112341
gandk,async,2,236376,0.0438758919110912,1745586,599.9999363422394,0.001752487651112341
gandk,async,2,275676,0.0425147077932362,1745586,599.9999363422394,0.001752487651112341
gandk,async,2,321510,0.0408347469031227,1745586,599.9999363422394,0.001752487651112341
gandk,async,2,374964,0.0390328060991022,1745586,599.9999363422394,0.001752487651112341
gandk,async,2,437305,0.0379691590519965,1745586,599.9999363422394,0.001752487651112341
gandk,async,2,510012,0.0370489467399809,1745586,599.9999363422394,0.001752487651112341
gandk,async,2,594806,0.0358302588473802,1745586,599.9999363422394,0.001752487651112341
gandk,async,2,693698,0.035042177122097,1745586,599.9999363422394,0.001752487651112341
gandk,async,2,809032,0.034296350459359,1745586,599.9999363422394,0.001752487651112341
gandk,async,2,943541,0.0338701745852152,1745586,599.9999363422394,0.001752487651112341
gandk,async,2,1100413,0.0329637709716506,1745586,599.9999363422394,0.001752487651112341
gandk,async,2,1283367,0.0324825642152147,1745586,599.9999363422394,0.001752487651112341
gandk,async,2,1496739,0.0314304907593278,1745586,599.9999363422394,0.001752487651112341
gandk,async,2,1745586,0.0304479302613642,1745586,599.9999363422394,0.001752487651112341
gandk,async,3,200,6.259197010190481,1813349,599.9999561309814,0.0017496676684744612
gandk,async,3,233,5.807496737909789,1813349,599.9999561309814,0.0017496676684744612
gandk,async,3,272,4.867299029943274,1813349,599.9999561309814,0.0017496676684744612
gandk,async,3,317,4.106352656870078,1813349,599.9999561309814,0.0017496676684744612
gandk,async,3,370,3.4315734285836625,1813349,599.9999561309814,0.0017496676684744612
gandk,async,3,432,2.8055177381954706,1813349,599.9999561309814,0.0017496676684744612
gandk,async,3,505,2.59195310220155,1813349,599.9999561309814,0.0017496676684744612
gandk,async,3,589,2.214317063068623,1813349,599.9999561309814,0.0017496676684744612
gandk,async,3,688,1.8048437066487628,1813349,599.9999561309814,0.0017496676684744612
gandk,async,3,802,1.4393534323629484,1813349,599.9999561309814,0.0017496676684744612
gandk,async,3,937,1.2765587181982847,1813349,599.9999561309814,0.0017496676684744612
gandk,async,3,1093,1.06588595313827,1813349,599.9999561309814,0.0017496676684744612
gandk,async,3,1276,0.8315136130345617,1813349,599.9999561309814,0.0017496676684744612
gandk,async,3,1489,0.6864512162547677,1813349,599.9999561309814,0.0017496676684744612
gandk,async,3,1738,0.5838586338569128,1813349,599.9999561309814,0.0017496676684744612
gandk,async,3,2028,0.5115927919560661,1813349,599.9999561309814,0.0017496676684744612
gandk,async,3,2367,0.4356554742992899,1813349,599.9999561309814,0.0017496676684744612
gandk,async,3,2762,0.362174094387607,1813349,599.9999561309814,0.0017496676684744612
gandk,async,3,3223,0.3123257579876857,1813349,599.9999561309814,0.0017496676684744612
gandk,async,3,3762,0.2659335067604472,1813349,599.9999561309814,0.0017496676684744612
gandk,async,3,4390,0.2344475044908744,1813349,599.9999561309814,0.0017496676684744612
gandk,async,3,5124,0.2063145773059591,1813349,599.9999561309814,0.0017496676684744612
gandk,async,3,5979,0.1817293466662858,1813349,599.9999561309814,0.0017496676684744612
gandk,async,3,6978,0.1545400462881553,1813349,599.9999561309814,0.0017496676684744612
gandk,async,3,8144,0.1354682195998483,1813349,599.9999561309814,0.0017496676684744612
gandk,async,3,9504,0.1219500834145085,1813349,599.9999561309814,0.0017496676684744612
gandk,async,3,11091,0.1143805356213347,1813349,599.9999561309814,0.0017496676684744612
gandk,async,3,12943,0.1043622362318591,1813349,599.9999561309814,0.0017496676684744612
gandk,async,3,15105,0.0938743021912071,1813349,599.9999561309814,0.0017496676684744612
gandk,async,3,17628,0.0883254429248646,1813349,599.9999561309814,0.0017496676684744612
gandk,async,3,20572,0.0827258195116615,1813349,599.9999561309814,0.0017496676684744612
gandk,async,3,24008,0.0777139288551616,1813349,599.9999561309814,0.0017496676684744612
gandk,async,3,28018,0.0722114846421997,1813349,599.9999561309814,0.0017496676684744612
gandk,async,3,32697,0.0692941132451362,1813349,599.9999561309814,0.0017496676684744612
gandk,async,3,38158,0.0638481023943938,1813349,599.9999561309814,0.0017496676684744612
gandk,async,3,44531,0.061280308009115,1813349,599.9999561309814,0.0017496676684744612
gandk,async,3,51969,0.0593103343302933,1813349,599.9999561309814,0.0017496676684744612
gandk,async,3,60648,0.0573211796357418,1813349,599.9999561309814,0.0017496676684744612
gandk,async,3,70777,0.0547699220980249,1813349,599.9999561309814,0.0017496676684744612
gandk,async,3,82598,0.0523976909652907,1813349,599.9999561309814,0.0017496676684744612
gandk,async,3,96393,0.0512619825656117,1813349,599.9999561309814,0.0017496676684744612
gandk,async,3,112492,0.0496742002725334,1813349,599.9999561309814,0.0017496676684744612
gandk,async,3,131280,0.0491225943772237,1813349,599.9999561309814,0.0017496676684744612
gandk,async,3,153205,0.0481371420119682,1813349,599.9999561309814,0.0017496676684744612
gandk,async,3,178792,0.0456445846375185,1813349,599.9999561309814,0.0017496676684744612
gandk,async,3,208653,0.0445876607789565,1813349,599.9999561309814,0.0017496676684744612
gandk,async,3,243500,0.0427991554085541,1813349,599.9999561309814,0.0017496676684744612
gandk,async,3,284168,0.0414312791007112,1813349,599.9999561309814,0.0017496676684744612
gandk,async,3,331628,0.0403011763456299,1813349,599.9999561309814,0.0017496676684744612
gandk,async,3,387014,0.0394445467307421,1813349,599.9999561309814,0.0017496676684744612
gandk,async,3,451650,0.0378625767092998,1813349,599.9999561309814,0.0017496676684744612
gandk,async,3,527081,0.0369810333686377,1813349,599.9999561309814,0.0017496676684744612
gandk,async,3,615110,0.0358238773250147,1813349,599.9999561309814,0.0017496676684744612
gandk,async,3,717841,0.0346897274907914,1813349,599.9999561309814,0.0017496676684744612
gandk,async,3,837730,0.0337487112199336,1813349,599.9999561309814,0.0017496676684744612
gandk,async,3,977641,0.0328688822657648,1813349,599.9999561309814,0.0017496676684744612
gandk,async,3,1140919,0.0317322336456196,1813349,599.9999561309814,0.0017496676684744612
gandk,async,3,1331467,0.0306867206729117,1813349,599.9999561309814,0.0017496676684744612
gandk,async,3,1553838,0.0301457318225866,1813349,599.9999561309814,0.0017496676684744612
gandk,async,3,1813349,0.0289505970279468,1813349,599.9999561309814,0.0017496676684744612
gandk,async,4,200,6.296533012172925,1725897,599.9995014667511,0.0017506045120275328
gandk,async,4,233,5.972278565692646,1725897,599.9995014667511,0.0017506045120275328
gandk,async,4,271,5.371707436492934,1725897,599.9995014667511,0.0017506045120275328
gandk,async,4,317,4.77821760751049,1725897,599.9995014667511,0.0017506045120275328
gandk,async,4,369,3.953556881221672,1725897,599.9995014667511,0.0017506045120275328
gandk,async,4,431,3.0289300940999904,1725897,599.9995014667511,0.0017506045120275328
gandk,async,4,502,2.6193752961573917,1725897,599.9995014667511,0.0017506045120275328
gandk,async,4,586,2.1210472513445406,1725897,599.9995014667511,0.0017506045120275328
gandk,async,4,683,1.8693124876106424,1725897,599.9995014667511,0.0017506045120275328
gandk,async,4,796,1.6463826437430713,1725897,599.9995014667511,0.0017506045120275328
gandk,async,4,929,1.3423444873995871,1725897,599.9995014667511,0.0017506045120275328
gandk,async,4,1083,1.1478957311078994,1725897,599.9995014667511,0.0017506045120275328
gandk,async,4,1263,0.9611467884989868,1725897,599.9995014667511,0.0017506045120275328
gandk,async,4,1473,0.8204268918728433,1725897,599.9995014667511,0.0017506045120275328
gandk,async,4,1717,0.6715590245641145,1725897,599.9995014667511,0.0017506045120275328
gandk,async,4,2003,0.534363751463271,1725897,599.9995014667511,0.0017506045120275328
gandk,async,4,2335,0.4360738196438339,1725897,599.9995014667511,0.0017506045120275328
gandk,async,4,2723,0.3688403905906166,1725897,599.9995014667511,0.0017506045120275328
gandk,async,4,3175,0.3092399391364763,1725897,599.9995014667511,0.0017506045120275328
gandk,async,4,3702,0.2656277543832985,1725897,599.9995014667511,0.0017506045120275328
gandk,async,4,4317,0.241001676094671,1725897,599.9995014667511,0.0017506045120275328
gandk,async,4,5034,0.2117596944513897,1725897,599.9995014667511,0.0017506045120275328
gandk,async,4,5870,0.1869042420252654,1725897,599.9995014667511,0.0017506045120275328
gandk,async,4,6845,0.1725545510929495,1725897,599.9995014667511,0.0017506045120275328
gandk,async,4,7981,0.1554028517771313,1725897,599.9995014667511,0.0017506045120275328
gandk,async,4,9307,0.1427503800344237,1725897,599.9995014667511,0.0017506045120275328
gandk,async,4,10852,0.1265718721991459,1725897,599.9995014667511,0.0017506045120275328
gandk,async,4,12654,0.1125164294432363,1725897,599.9995014667511,0.0017506045120275328
gandk,async,4,14755,0.1050571805015491,1725897,599.9995014667511,0.0017506045120275328
gandk,async,4,17205,0.0958309391750251,1725897,599.9995014667511,0.0017506045120275328
gandk,async,4,20062,0.089341937423882,1725897,599.9995014667511,0.0017506045120275328
gandk,async,4,23393,0.082690501586315,1725897,599.9995014667511,0.0017506045120275328
gandk,async,4,27277,0.079592685523433,1725897,599.9995014667511,0.0017506045120275328
gandk,async,4,31806,0.0750882039863985,1725897,599.9995014667511,0.0017506045120275328
gandk,async,4,37087,0.071656275664417,1725897,599.9995014667511,0.0017506045120275328
gandk,async,4,43245,0.0677784394225727,1725897,599.9995014667511,0.0017506045120275328
gandk,async,4,50425,0.0631548885935887,1725897,599.9995014667511,0.0017506045120275328
gandk,async,4,58797,0.0606205148205088,1725897,599.9995014667511,0.0017506045120275328
gandk,async,4,68560,0.0579308212730497,1725897,599.9995014667511,0.0017506045120275328
gandk,async,4,79943,0.0536469843385094,1725897,599.9995014667511,0.0017506045120275328
gandk,async,4,93216,0.0520703596354713,1725897,599.9995014667511,0.0017506045120275328
gandk,async,4,108694,0.0498557379054509,1725897,599.9995014667511,0.0017506045120275328
gandk,async,4,126741,0.047534659766314,1725897,599.9995014667511,0.0017506045120275328
gandk,async,4,147784,0.0452032280639506,1725897,599.9995014667511,0.0017506045120275328
gandk,async,4,172322,0.0430906726340892,1725897,599.9995014667511,0.0017506045120275328
gandk,async,4,200933,0.0414743922510061,1725897,599.9995014667511,0.0017506045120275328
gandk,async,4,234295,0.0402328777591244,1725897,599.9995014667511,0.0017506045120275328
gandk,async,4,273196,0.0387850614259739,1725897,599.9995014667511,0.0017506045120275328
gandk,async,4,318557,0.0376418889616467,1725897,599.9995014667511,0.0017506045120275328
gandk,async,4,371448,0.0372040059668815,1725897,599.9995014667511,0.0017506045120275328
gandk,async,4,433122,0.0359034674933083,1725897,599.9995014667511,0.0017506045120275328
gandk,async,4,505035,0.0351099598662797,1725897,599.9995014667511,0.0017506045120275328
gandk,async,4,588889,0.0338656524862862,1725897,599.9995014667511,0.0017506045120275328
gandk,async,4,686665,0.0330241630723725,1725897,599.9995014667511,0.0017506045120275328
gandk,async,4,800676,0.0323788913728232,1725897,599.9995014667511,0.0017506045120275328
gandk,async,4,933616,0.0317599674730227,1725897,599.9995014667511,0.0017506045120275328
gandk,async,4,1088629,0.0304584286026002,1725897,599.9995014667511,0.0017506045120275328
gandk,async,4,1269380,0.0295524047315387,1725897,599.9995014667511,0.0017506045120275328
gandk,async,4,1480141,0.0288924710727239,1725897,599.9995014667511,0.0017506045120275328
gandk,async,4,1725897,0.0278035883676767,1725897,599.9995014667511,0.0017506045120275328
lotka_volterra,sync,0,200,1000000.0,1847811,599.9999420642853,0.005209887675800851
lotka_volterra,sync,0,233,1000000.0,1847811,599.9999420642853,0.005209887675800851
lotka_volterra,sync,0,272,1000000.0,1847811,599.9999420642853,0.005209887675800851
lotka_volterra,sync,0,318,1000000.0,1847811,599.9999420642853,0.005209887675800851
lotka_volterra,sync,0,371,1000000.0,1847811,599.9999420642853,0.005209887675800851
lotka_volterra,sync,0,433,1000000.0,1847811,599.9999420642853,0.005209887675800851
lotka_volterra,sync,0,506,1000000.0,1847811,599.9999420642853,0.005209887675800851
lotka_volterra,sync,0,590,1000000.0,1847811,599.9999420642853,0.005209887675800851
lotka_volterra,sync,0,689,1000000.0,1847811,599.9999420642853,0.005209887675800851
lotka_volterra,sync,0,805,1000000.0,1847811,599.9999420642853,0.005209887675800851
lotka_volterra,sync,0,940,1000000.0,1847811,599.9999420642853,0.005209887675800851
lotka_volterra,sync,0,1097,1000000.0,1847811,599.9999420642853,0.005209887675800851
lotka_volterra,sync,0,1281,1000000.0,1847811,599.9999420642853,0.005209887675800851
lotka_volterra,sync,0,1495,1000000.0,1847811,599.9999420642853,0.005209887675800851
lotka_volterra,sync,0,1745,1000000.0,1847811,599.9999420642853,0.005209887675800851
lotka_volterra,sync,0,2038,1000000.0,1847811,599.9999420642853,0.005209887675800851
lotka_volterra,sync,0,2379,1000000.0,1847811,599.9999420642853,0.005209887675800851
lotka_volterra,sync,0,2777,1000000.0,1847811,599.9999420642853,0.005209887675800851
lotka_volterra,sync,0,3242,1000000.0,1847811,599.9999420642853,0.005209887675800851
lotka_volterra,sync,0,3785,1000000.0,1847811,599.9999420642853,0.005209887675800851
lotka_volterra,sync,0,4418,1000000.0,1847811,599.9999420642853,0.005209887675800851
lotka_volterra,sync,0,5158,1000000.0,1847811,599.9999420642853,0.005209887675800851
lotka_volterra,sync,0,6021,1000000.0,1847811,599.9999420642853,0.005209887675800851
lotka_volterra,sync,0,7029,18.422118107112976,1847811,599.9999420642853,0.005209887675800851
lotka_volterra,sync,0,8206,8.435651089983487,1847811,599.9999420642853,0.005209887675800851
lotka_volterra,sync,0,9580,5.911561032375732,1847811,599.9999420642853,0.005209887675800851
lotka_volterra,sync,0,11183,4.359351118185041,1847811,599.9999420642853,0.005209887675800851
lotka_volterra,sync,0,13055,3.769341910646492,1847811,599.9999420642853,0.005209887675800851
lotka_volterra,sync,0,15241,2.908173285760953,1847811,599.9999420642853,0.005209887675800851
lotka_volterra,sync,0,17792,2.021755190077429,1847811,599.9999420642853,0.005209887675800851
lotka_volterra,sync,0,20770,1.4101314238729428,1847811,599.9999420642853,0.005209887675800851
lotka_volterra,sync,0,24247,1.139993978665878,1847811,599.9999420642853,0.005209887675800851
lotka_volterra,sync,0,28306,0.9781762788890234,1847811,599.9999420642853,0.005209887675800851
lotka_volterra,sync,0,33044,0.8537824368971364,1847811,599.9999420642853,0.005209887675800851
lotka_volterra,sync,0,38575,0.7612509217312695,1847811,599.9999420642853,0.005209887675800851
lotka_volterra,sync,0,45031,0.6826615187955373,1847811,599.9999420642853,0.005209887675800851
lotka_volterra,sync,0,52569,0.6040029529261185,1847811,599.9999420642853,0.005209887675800851
lotka_volterra,sync,0,61368,0.5481570606497016,1847811,599.9999420642853,0.005209887675800851
lotka_volterra,sync,0,71641,0.5166705360839287,1847811,599.9999420642853,0.005209887675800851
lotka_volterra,sync,0,83632,0.4784522989445632,1847811,599.9999420642853,0.005209887675800851
lotka_volterra,sync,0,97631,0.4433414288515183,1847811,599.9999420642853,0.005209887675800851
lotka_volterra,sync,0,113973,0.415071929136295,1847811,599.9999420642853,0.005209887675800851
lotka_volterra,sync,0,133051,0.3877633246708746,1847811,599.9999420642853,0.005209887675800851
lotka_volterra,sync,0,155322,0.371384536746258,1847811,599.9999420642853,0.005209887675800851
lotka_volterra,sync,0,181320,0.3470726267553654,1847811,599.9999420642853,0.005209887675800851
lotka_volterra,sync,0,211670,0.3132280531926402,1847811,599.9999420642853,0.005209887675800851
lotka_volterra,sync,0,247101,0.2916716822404335,1847811,599.9999420642853,0.005209887675800851
lotka_volterra,sync,0,288462,0.2725934338620978,1847811,599.9999420642853,0.005209887675800851
lotka_volterra,sync,0,336746,0.2541023139731462,1847811,599.9999420642853,0.005209887675800851
lotka_volterra,sync,0,393112,0.2366520751998421,1847811,599.9999420642853,0.005209887675800851
lotka_volterra,sync,0,458914,0.2133877430748955,1847811,599.9999420642853,0.005209887675800851
lotka_volterra,sync,0,535729,0.1929163770542418,1847811,599.9999420642853,0.005209887675800851
lotka_volterra,sync,0,625402,0.1792549770747326,1847811,599.9999420642853,0.005209887675800851
lotka_volterra,sync,0,730084,0.1694976967104949,1847811,599.9999420642853,0.005209887675800851
lotka_volterra,sync,0,852290,0.1601565931458526,1847811,599.9999420642853,0.005209887675800851
lotka_volterra,sync,0,994950,0.1512099632918208,1847811,599.9999420642853,0.005209887675800851
lotka_volterra,sync,0,1161489,0.145490516669352,1847811,599.9999420642853,0.005209887675800851
lotka_volterra,sync,0,1355905,0.1346198044047021,1847811,599.9999420642853,0.005209887675800851
lotka_volterra,sync,0,1582863,0.128970663432016,1847811,599.9999420642853,0.005209887675800851
lotka_volterra,sync,0,1847811,0.1242059748532751,1847811,599.9999420642853,0.005209887675800851
lotka_volterra,sync,1,200,1000000.0,1562494,599.9997656345367,0.00602088008932624
lotka_volterra,sync,1,232,1000000.0,1562494,599.9997656345367,0.00602088008932624
lotka_volterra,sync,1,271,1000000.0,1562494,599.9997656345367,0.00602088008932624
lotka_volterra,sync,1,315,1000000.0,1562494,599.9997656345367,0.00602088008932624
lotka_volterra,sync,1,367,1000000.0,1562494,599.9997656345367,0.00602088008932624
lotka_volterra,sync,1,427,1000000.0,1562494,599.9997656345367,0.00602088008932624
lotka_volterra,sync,1,497,1000000.0,1562494,599.9997656345367,0.00602088008932624
lotka_volterra,sync,1,579,1000000.0,1562494,599.9997656345367,0.00602088008932624
lotka_volterra,sync,1,674,1000000.0,1562494,599.9997656345367,0.00602088008932624
lotka_volterra,sync,1,784,1000000.0,1562494,599.9997656345367,0.00602088008932624
lotka_volterra,sync,1,913,1000000.0,1562494,599.9997656345367,0.00602088008932624
lotka_volterra,sync,1,1063,1000000.0,1562494,599.9997656345367,0.00602088008932624
lotka_volterra,sync,1,1238,1000000.0,1562494,599.9997656345367,0.00602088008932624
lotka_volterra,sync,1,1441,1000000.0,1562494,599.9997656345367,0.00602088008932624
lotka_volterra,sync,1,1677,1000000.0,1562494,599.9997656345367,0.00602088008932624
lotka_volterra,sync,1,1953,1000000.0,1562494,599.9997656345367,0.00602088008932624
lotka_volterra,sync,1,2273,1000000.0,1562494,599.9997656345367,0.00602088008932624
lotka_volterra,sync,1,2646,1000000.0,1562494,599.9997656345367,0.00602088008932624
lotka_volterra,sync,1,3080,1000000.0,1562494,599.9997656345367,0.00602088008932624
lotka_volterra,sync,1,3586,1000000.0,1562494,599.9997656345367,0.00602088008932624
lotka_volterra,sync,1,4174,1000000.0,1562494,599.9997656345367,0.00602088008932624
lotka_volterra,sync,1,4859,1000000.0,1562494,599.9997656345367,0.00602088008932624
lotka_volterra,sync,1,5656,1000000.0,1562494,599.9997656345367,0.00602088008932624
lotka_volterra,sync,1,6585,1000000.0,1562494,599.9997656345367,0.00602088008932624
lotka_volterra,sync,1,7665,29.30862816135537,1562494,599.9997656345367,0.00602088008932624
lotka_volterra,sync,1,8923,12.193463249923049,1562494,599.9997656345367,0.00602088008932624
lotka_volterra,sync,1,10387,7.140822484671926,1562494,599.9997656345367,0.00602088008932624
lotka_volterra,sync,1,12091,4.093075611038385,1562494,599.9997656345367,0.00602088008932624
lotka_volterra,sync,1,14075,3.213725386859037,1562494,599.9997656345367,0.00602088008932624
lotka_volterra,sync,1,16384,2.540100443992939,1562494,599.9997656345367,0.00602088008932624
lotka_volterra,sync,1,19072,1.6251243195078036,1562494,599.9997656345367,0.00602088008932624
lotka_volterra,sync,1,22202,1.2730436828060627,1562494,599.9997656345367,0.00602088008932624
lotka_volterra,sync,1,25844,1.0790545661118691,1562494,599.9997656345367,0.00602088008932624
lotka_volterra,sync,1,30085,0.9449777575190624,1562494,599.9997656345367,0.00602088008932624
lotka_volterra,sync,1,35021,0.7841167516639925,1562494,599.9997656345367,0.00602088008932624
lotka_volterra,sync,1,40767,0.7082551130422269,1562494,599.9997656345367,0.00602088008932624
lotka_volterra,sync,1,47455,0.6473065690842793,1562494,599.9997656345367,0.00602088008932624
lotka_volterra,sync,1,55242,0.5912279967722083,1562494,599.9997656345367,0.00602088008932624
lotka_volterra,sync,1,64305,0.56654580103707,1562494,599.9997656345367,0.00602088008932624
lotka_volterra,sync,1,74856,0.5358499719692966,1562494,599.9997656345367,0.00602088008932624
lotka_volterra,sync,1,87138,0.4735670400959505,1562494,599.9997656345367,0.00602088008932624
lotka_volterra,sync,1,101435,0.4368404121065359,1562494,599.9997656345367,0.00602088008932624
lotka_volterra,sync,1,118077,0.3967300420042078,1562494,599.9997656345367,0.00602088008932624
lotka_volterra,sync,1,137450,0.3740593011566867,1562494,599.9997656345367,0.00602088008932624
lotka_volterra,sync,1,160002,0.3489326492503438,1562494,599.9997656345367,0.00602088008932624
lotka_volterra,sync,1,186254,0.3179499318986069,1562494,599.9997656345367,0.00602088008932624
lotka_volterra,sync,1,216813,0.2935047809880957,1562494,599.9997656345367,0.00602088008932624
lotka_volterra,sync,1,252385,0.2802911580719034,1562494,599.9997656345367,0.00602088008932624
lotka_volterra,sync,1,293794,0.2697004145436683,1562494,599.9997656345367,0.00602088008932624
lotka_volterra,sync,1,341998,0.2491011763018193,1562494,599.9997656345367,0.00602088008932624
lotka_volterra,sync,1,398110,0.2313252122329355,1562494,599.9997656345367,0.00602088008932624
lotka_volterra,sync,1,463428,0.2146493974404885,1562494,599.9997656345367,0.00602088008932624
lotka_volterra,sync,1,539463,0.210073364256436,1562494,599.9997656345367,0.00602088008932624
lotka_volterra,sync,1,627973,0.2016552300510186,1562494,599.9997656345367,0.00602088008932624
lotka_volterra,sync,1,731006,0.1941841878679495,1562494,599.9997656345367,0.00602088008932624
lotka_volterra,sync,1,850943,0.1837179727155786,1562494,599.9997656345367,0.00602088008932624
lotka_volterra,sync,1,990558,0.178618042900647,1562494,599.9997656345367,0.00602088008932624
lotka_volterra,sync,1,1153079,0.1694382556319046,1562494,599.9997656345367,0.00602088008932624
lotka_volterra,sync,1,1342266,0.161498682657558,1562494,599.9997656345367,0.00602088008932624
lotka_volterra,sync,1,1562494,0.1447025806993629,1562494,599.9997656345367,0.00602088008932624
lotka_volterra,sync,2,200,1000000.0,1358064,599.9999797344208,0.005984453967002166
lotka_volterra,sync,2,232,1000000.0,1358064,599.9999797344208,0.005984453967002166
lotka_volterra,sync,2,269,1000000.0,1358064,599.9999797344208,0.005984453967002166
lotka_volterra,sync,2,313,1000000.0,1358064,599.9999797344208,0.005984453967002166
lotka_volterra,sync,2,363,1000000.0,1358064,599.9999797344208,0.005984453967002166
lotka_volterra,sync,2,422,1000000.0,1358064,599.9999797344208,0.005984453967002166
lotka_volterra,sync,2,490,1000000.0,1358064,599.9999797344208,0.005984453967002166
lotka_volterra,sync,2,569,1000000.0,1358064,599.9999797344208,0.005984453967002166
lotka_volterra,sync,2,661,1000000.0,1358064,599.9999797344208,0.005984453967002166
lotka_volterra,sync,2,768,1000000.0,1358064,599.9999797344208,0.005984453967002166
lotka_volterra,sync,2,892,1000000.0,1358064,599.9999797344208,0.005984453967002166
lotka_volterra,sync,2,1036,1000000.0,1358064,599.9999797344208,0.005984453967002166
lotka_volterra,sync,2,1203,1000000.0,1358064,599.9999797344208,0.005984453967002166
lotka_volterra,sync,2,1397,1000000.0,1358064,599.9999797344208,0.005984453967002166
lotka_volterra,sync,2,1622,1000000.0,1358064,599.9999797344208,0.005984453967002166
lotka_volterra,sync,2,1884,1000000.0,1358064,599.9999797344208,0.005984453967002166
lotka_volterra,sync,2,2188,1000000.0,1358064,599.9999797344208,0.005984453967002166
lotka_volterra,sync,2,2541,1000000.0,1358064,599.9999797344208,0.005984453967002166
lotka_volterra,sync,2,2951,1000000.0,1358064,599.9999797344208,0.005984453967002166
lotka_volterra,sync,2,3427,1000000.0,1358064,599.9999797344208,0.005984453967002166
lotka_volterra,sync,2,3980,1000000.0,1358064,599.9999797344208,0.005984453967002166
lotka_volterra,sync,2,4622,1000000.0,1358064,599.9999797344208,0.005984453967002166
lotka_volterra,sync,2,5368,1000000.0,1358064,599.9999797344208,0.005984453967002166
lotka_volterra,sync,2,6234,12.97507586965493,1358064,599.9999797344208,0.005984453967002166
lotka_volterra,sync,2,7240,10.600583375993732,1358064,599.9999797344208,0.005984453967002166
lotka_volterra,sync,2,8408,7.410135318816372,1358064,599.9999797344208,0.005984453967002166
lotka_volterra,sync,2,9764,5.294926054519765,1358064,599.9999797344208,0.005984453967002166
lotka_volterra,sync,2,11339,3.7080483063776337,1358064,599.9999797344208,0.005984453967002166
lotka_volterra,sync,2,13169,3.3203668105067234,1358064,599.9999797344208,0.005984453967002166
lotka_volterra,sync,2,15293,2.591894198404792,1358064,599.9999797344208,0.005984453967002166
lotka_volterra,sync,2,17760,1.6929229175376868,1358064,599.9999797344208,0.005984453967002166
lotka_volterra,sync,2,20625,1.3513034993105368,1358064,599.9999797344208,0.005984453967002166
lotka_volterra,sync,2,23952,1.1025576424083146,1358064,599.9999797344208,0.005984453967002166
lotka_volterra,sync,2,27815,0.965785307349628,1358064,599.9999797344208,0.005984453967002166
lotka_volterra,sync,2,32302,0.8101959833399309,1358064,599.9999797344208,0.005984453967002166
lotka_volterra,sync,2,37513,0.7243378135063021,1358064,599.9999797344208,0.005984453967002166
lotka_volterra,sync,2,43564,0.6715142679454891,1358064,599.9999797344208,0.005984453967002166
lotka_volterra,sync,2,50591,0.6114861650791154,1358064,599.9999797344208,0.005984453967002166
lotka_volterra,sync,2,58752,0.5727657458628919,1358064,599.9999797344208,0.005984453967002166
lotka_volterra,sync,2,68229,0.5448729097222219,1358064,599.9999797344208,0.005984453967002166
lotka_volterra,sync,2,79235,0.525070550936831,1358064,599.9999797344208,0.005984453967002166
lotka_volterra,sync,2,92017,0.4855718729547612,1358064,599.9999797344208,0.005984453967002166
lotka_volterra,sync,2,106860,0.4404026423882862,1358064,599.9999797344208,0.005984453967002166
lotka_volterra,sync,2,124097,0.4045373832429021,1358064,599.9999797344208,0.005984453967002166
lotka_volterra,sync,2,144115,0.3729298025932467,1358064,599.9999797344208,0.005984453967002166
lotka_volterra,sync,2,167362,0.3433692988388591,1358064,599.9999797344208,0.005984453967002166
lotka_volterra,sync,2,194359,0.3216593644960627,1358064,599.9999797344208,0.005984453967002166
lotka_volterra,sync,2,225711,0.2932269638823037,1358064,599.9999797344208,0.005984453967002166
lotka_volterra,sync,2,262119,0.282346844071993,1358064,599.9999797344208,0.005984453967002166
lotka_volterra,sync,2,304401,0.2530699258620597,1358064,599.9999797344208,0.005984453967002166
lotka_volterra,sync,2,353504,0.2391566829157403,1358064,599.9999797344208,0.005984453967002166
lotka_volterra,sync,2,410527,0.2287232043555842,1358064,599.9999797344208,0.005984453967002166
lotka_volterra,sync,2,476748,0.219048906345035,1358064,599.9999797344208,0.005984453967002166
lotka_volterra,sync,2,553651,0.2065367656664682,1358064,599.9999797344208,0.005984453967002166
lotka_volterra,sync,2,642959,0.1893134992677419,1358064,599.9999797344208,0.005984453967002166
lotka_volterra,sync,2,746674,0.1764801565080954,1358064,599.9999797344208,0.005984453967002166
lotka_volterra,sync,2,867118,0.1573920272682146,1358064,599.9999797344208,0.005984453967002166
lotka_volterra,sync,2,1006991,0.1495270668496889,1358064,599.9999797344208,0.005984453967002166
lotka_volterra,sync,2,1169426,0.1395438285472935,1358064,599.9999797344208,0.005984453967002166
lotka_volterra,sync,2,1358064,0.1277531436829895,1358064,599.9999797344208,0.005984453967002166
lotka_volterra,sync,3,200,1000000.0,1201674,599.998409986496,0.005974612286187774
lotka_volterra,sync,3,231,1000000.0,1201674,599.998409986496,0.005974612286187774
lotka_volterra,sync,3,268,1000000.0,1201674,599.998409986496,0.005974612286187774
lotka_volterra,sync,3,311,1000000.0,1201674,599.998409986496,0.005974612286187774
lotka_volterra,sync,3,360,1000000.0,1201674,599.998409986496,0.005974612286187774
lotka_volterra,sync,3,418,1000000.0,1201674,599.998409986496,0.005974612286187774
lotka_volterra,sync,3,484,1000000.0,1201674,599.998409986496,0.005974612286187774
lotka_volterra,sync,3,561,1000000.0,1201674,599.998409986496,0.005974612286187774
lotka_volterra,sync,3,650,1000000.0,1201674,599.998409986496,0.005974612286187774
lotka_volterra,sync,3,754,1000000.0,1201674,599.998409986496,0.005974612286187774
lotka_volterra,sync,3,873,1000000.0,1201674,599.998409986496,0.005974612286187774
lotka_volterra,sync,3,1012,1000000.0,1201674,599.998409986496,0.005974612286187774
lotka_volterra,sync,3,1173,1000000.0,1201674,599.998409986496,0.005974612286187774
lotka_volterra,sync,3,1360,1000000.0,1201674,599.998409986496,0.005974612286187774
lotka_volterra,sync,3,1576,1000000.0,1201674,599.998409986496,0.005974612286187774
lotka_volterra,sync,3,1826,1000000.0,1201674,599.998409986496,0.005974612286187774
lotka_volterra,sync,3,2117,1000000.0,1201674,599.998409986496,0.005974612286187774
lotka_volterra,sync,3,2453,1000000.0,1201674,599.998409986496,0.005974612286187774
lotka_volterra,sync,3,2843,1000000.0,1201674,599.998409986496,0.005974612286187774
lotka_volterra,sync,3,3295,1000000.0,1201674,599.998409986496,0.005974612286187774
lotka_volterra,sync,3,3819,1000000.0,1201674,599.998409986496,0.005974612286187774
lotka_volterra,sync,3,4425,1000000.0,1201674,599.998409986496,0.005974612286187774
lotka_volterra,sync,3,5129,1000000.0,1201674,599.998409986496,0.005974612286187774
lotka_volterra,sync,3,5944,1000000.0,1201674,599.998409986496,0.005974612286187774
lotka_volterra,sync,3,6888,85.51995875623707,1201674,599.998409986496,0.005974612286187774
lotka_volterra,sync,3,7983,11.347679999453568,1201674,599.998409986496,0.005974612286187774
lotka_volterra,sync,3,9252,6.738391525950291,1201674,599.998409986496,0.005974612286187774
lotka_volterra,sync,3,10722,4.726802410225711,1201674,599.998409986496,0.005974612286187774
lotka_volterra,sync,3,12426,3.613377862964401,1201674,599.998409986496,0.005974612286187774
lotka_volterra,sync,3,14400,3.2118180892638595,1201674,599.998409986496,0.005974612286187774
lotka_volterra,sync,3,16689,2.8686938871494547,1201674,599.998409986496,0.005974612286187774
lotka_volterra,sync,3,19340,1.7343472034200558,1201674,599.998409986496,0.005974612286187774
lotka_volterra,sync,3,22414,1.362476071723084,1201674,599.998409986496,0.005974612286187774
lotka_volterra,sync,3,25975,1.0645228104832647,1201674,599.998409986496,0.005974612286187774
lotka_volterra,sync,3,30103,0.9157500995657096,1201674,599.998409986496,0.005974612286187774
lotka_volterra,sync,3,34887,0.8219322209050581,1201674,599.998409986496,0.005974612286187774
lotka_volterra,sync,3,40430,0.7003036812381416,1201674,599.998409986496,0.005974612286187774
lotka_volterra,sync,3,46855,0.6165664421864528,1201674,599.998409986496,0.005974612286187774
lotka_volterra,sync,3,54300,0.5448324261409248,1201674,599.998409986496,0.005974612286187774
lotka_volterra,sync,3,62929,0.4970556413879665,1201674,599.998409986496,0.005974612286187774
lotka_volterra,sync,3,72928,0.4626336771461044,1201674,599.998409986496,0.005974612286187774
lotka_volterra,sync,3,84517,0.4258659469680707,1201674,599.998409986496,0.005974612286187774
lotka_volterra,sync,3,97947,0.3833330001122337,1201674,599.998409986496,0.005974612286187774
lotka_volterra,sync,3,113511,0.3511238915190808,1201674,599.998409986496,0.005974612286187774
lotka_volterra,sync,3,131548,0.3294454282007067,1201674,599.998409986496,0.005974612286187774
lotka_volterra,sync,3,152451,0.3139643063482211,1201674,599.998409986496,0.005974612286187774
lotka_volterra,sync,3,176676,0.3073110813787766,1201674,599.998409986496,0.005974612286187774
lotka_volterra,sync,3,204750,0.2945218042849599,1201674,599.998409986496,0.005974612286187774
lotka_volterra,sync,3,237286,0.2709877404566011,1201674,599.998409986496,0.005974612286187774
lotka_volterra,sync,3,274991,0.2605924366667979,1201674,599.998409986496,0.005974612286187774
lotka_volterra,sync,3,318688,0.2459000813931865,1201674,599.998409986496,0.005974612286187774
lotka_volterra,sync,3,369328,0.2358887021914832,1201674,599.998409986496,0.005974612286187774
lotka_volterra,sync,3,428015,0.2287874958739307,1201674,599.998409986496,0.005974612286187774
lotka_volterra,sync,3,496028,0.1946886058138466,1201674,599.998409986496,0.005974612286187774
lotka_volterra,sync,3,574848,0.1853668986530796,1201674,599.998409986496,0.005974612286187774
lotka_volterra,sync,3,666192,0.1727015674884948,1201674,599.998409986496,0.005974612286187774
lotka_volterra,sync,3,772051,0.1607844445937709,1201674,599.998409986496,0.005974612286187774
lotka_volterra,sync,3,894732,0.1506400025376849,1201674,599.998409986496,0.005974612286187774
lotka_volterra,sync,3,1036907,0.1427200209309507,1201674,599.998409986496,0.005974612286187774
lotka_volterra,sync,3,1201674,0.1370903163222044,1201674,599.998409986496,0.005974612286187774
lotka_volterra,sync,4,200,1000000.0,2376047,599.9999713897705,0.004860272455132239
lotka_volterra,sync,4,234,1000000.0,2376047,599.9999713897705,0.004860272455132239
lotka_volterra,sync,4,274,1000000.0,2376047,599.9999713897705,0.004860272455132239
lotka_volterra,sync,4,322,1000000.0,2376047,599.9999713897705,0.004860272455132239
lotka_volterra,sync,4,377,1000000.0,2376047,599.9999713897705,0.004860272455132239
lotka_volterra,sync,4,442,1000000.0,2376047,599.9999713897705,0.004860272455132239
lotka_volterra,sync,4,519,1000000.0,2376047,599.9999713897705,0.004860272455132239
lotka_volterra,sync,4,608,1000000.0,2376047,599.9999713897705,0.004860272455132239
lotka_volterra,sync,4,713,1000000.0,2376047,599.9999713897705,0.004860272455132239
lotka_volterra,sync,4,836,1000000.0,2376047,599.9999713897705,0.004860272455132239
lotka_volterra,sync,4,981,1000000.0,2376047,599.9999713897705,0.004860272455132239
lotka_volterra,sync,4,1150,1000000.0,2376047,599.9999713897705,0.004860272455132239
lotka_volterra,sync,4,1348,1000000.0,2376047,599.9999713897705,0.004860272455132239
lotka_volterra,sync,4,1580,1000000.0,2376047,599.9999713897705,0.004860272455132239
lotka_volterra,sync,4,1853,1000000.0,2376047,599.9999713897705,0.004860272455132239
lotka_volterra,sync,4,2172,1000000.0,2376047,599.9999713897705,0.004860272455132239
lotka_volterra,sync,4,2547,1000000.0,2376047,599.9999713897705,0.004860272455132239
lotka_volterra,sync,4,2986,1000000.0,2376047,599.9999713897705,0.004860272455132239
lotka_volterra,sync,4,3501,1000000.0,2376047,599.9999713897705,0.004860272455132239
lotka_volterra,sync,4,4104,26.575516355746306,2376047,599.9999713897705,0.004860272455132239
lotka_volterra,sync,4,4812,10.45307389586096,2376047,599.9999713897705,0.004860272455132239
lotka_volterra,sync,4,5641,8.784238114872968,2376047,599.9999713897705,0.004860272455132239
lotka_volterra,sync,4,6613,6.776433594610516,2376047,599.9999713897705,0.004860272455132239
lotka_volterra,sync,4,7753,5.385450460684738,2376047,599.9999713897705,0.004860272455132239
lotka_volterra,sync,4,9090,4.782387973432729,2376047,599.9999713897705,0.004860272455132239
lotka_volterra,sync,4,10657,3.472494592488652,2376047,599.9999713897705,0.004860272455132239
lotka_volterra,sync,4,12494,3.135026866139966,2376047,599.9999713897705,0.004860272455132239
lotka_volterra,sync,4,14648,2.6100137478961734,2376047,599.9999713897705,0.004860272455132239
lotka_volterra,sync,4,17172,1.9962786094199625,2376047,599.9999713897705,0.004860272455132239
lotka_volterra,sync,4,20133,1.352974916508577,2376047,599.9999713897705,0.004860272455132239
lotka_volterra,sync,4,23603,1.1385073018430836,2376047,599.9999713897705,0.004860272455132239
lotka_volterra,sync,4,27671,0.9933592916812126,2376047,599.9999713897705,0.004860272455132239
lotka_volterra,sync,4,32441,0.8623361137950076,2376047,599.9999713897705,0.004860272455132239
lotka_volterra,sync,4,38033,0.781486425246893,2376047,599.9999713897705,0.004860272455132239
lotka_volterra,sync,4,44589,0.6953375662308197,2376047,599.9999713897705,0.004860272455132239
lotka_volterra,sync,4,52275,0.6293103507134219,2376047,599.9999713897705,0.004860272455132239
lotka_volterra,sync,4,61286,0.5793778799742332,2376047,599.9999713897705,0.004860272455132239
lotka_volterra,sync,4,71850,0.535435240877436,2376047,599.9999713897705,0.004860272455132239
lotka_volterra,sync,4,84235,0.4824067338814054,2376047,599.9999713897705,0.004860272455132239
lotka_volterra,sync,4,98754,0.461715214127951,2376047,599.9999713897705,0.004860272455132239
lotka_volterra,sync,4,115777,0.4335253123314242,2376047,599.9999713897705,0.004860272455132239
lotka_volterra,sync,4,135733,0.3950267100381331,2376047,599.9999713897705,0.004860272455132239
lotka_volterra,sync,4,159130,0.3535458708827024,2376047,599.9999713897705,0.004860272455132239
lotka_volterra,sync,4,186559,0.3140498027483577,2376047,599.9999713897705,0.004860272455132239
lotka_volterra,sync,4,218717,0.2792911091923506,2376047,599.9999713897705,0.004860272455132239
lotka_volterra,sync,4,256417,0.2646478752684689,2376047,599.9999713897705,0.004860272455132239
lotka_volterra,sync,4,300616,0.2534975769927303,2376047,599.9999713897705,0.004860272455132239
lotka_volterra,sync,4,352433,0.2385660881424929,2376047,599.9999713897705,0.004860272455132239
lotka_volterra,sync,4,413182,0.2288688395714354,2376047,599.9999713897705,0.004860272455132239
lotka_volterra,sync,4,484402,0.216805184702775,2376047,599.9999713897705,0.004860272455132239
lotka_volterra,sync,4,567899,0.2090973240183871,2376047,599.9999713897705,0.004860272455132239
lotka_volterra,sync,4,665788,0.205414921234929,2376047,599.9999713897705,0.004860272455132239
lotka_volterra,sync,4,780550,0.1860103051754196,2376047,599.9999713897705,0.004860272455132239
lotka_volterra,sync,4,915094,0.1590534337386673,2376047,599.9999713897705,0.004860272455132239
lotka_volterra,sync,4,1072829,0.1430150081198482,2376047,599.9999713897705,0.004860272455132239
lotka_volterra,sync,4,1257753,0.1324294540437459,2376047,599.9999713897705,0.004860272455132239
lotka_volterra,sync,4,1474553,0.1282155435719139,2376047,599.9999713897705,0.004860272455132239
lotka_volterra,sync,4,1728722,0.122452645077548,2376047,599.9999713897705,0.004860272455132239
lotka_volterra,sync,4,2026703,0.1154138324622054,2376047,599.9999713897705,0.004860272455132239
lotka_volterra,sync,4,2376047,0.1075235070279386,2376047,599.9999713897705,0.004860272455132239
lotka_volterra,async,0,200,1000000.0,1505260,599.9999258518219,0.0034479260446224733
lotka_volterra,async,0,232,1000000.0,1505260,599.9999258518219,0.0034479260446224733
lotka_volterra,async,0,270,1000000.0,1505260,599.9999258518219,0.0034479260446224733
lotka_volterra,async,0,314,1000000.0,1505260,599.9999258518219,0.0034479260446224733
lotka_volterra,async,0,366,1000000.0,1505260,599.9999258518219,0.0034479260446224733
lotka_volterra,async,0,426,1000000.0,1505260,599.9999258518219,0.0034479260446224733
lotka_volterra,async,0,495,1000000.0,1505260,599.9999258518219,0.0034479260446224733
lotka_volterra,async,0,576,1000000.0,1505260,599.9999258518219,0.0034479260446224733
lotka_volterra,async,0,670,1000000.0,1505260,599.9999258518219,0.0034479260446224733
lotka_volterra,async,0,780,1000000.0,1505260,599.9999258518219,0.0034479260446224733
lotka_volterra,async,0,907,1000000.0,1505260,599.9999258518219,0.0034479260446224733
lotka_volterra,async,0,1056,1000000.0,1505260,599.9999258518219,0.0034479260446224733
lotka_volterra,async,0,1228,1000000.0,1505260,599.9999258518219,0.0034479260446224733
lotka_volterra,async,0,1429,1000000.0,1505260,599.9999258518219,0.0034479260446224733
lotka_volterra,async,0,1663,1000000.0,1505260,599.9999258518219,0.0034479260446224733
lotka_volterra,async,0,1934,1000000.0,1505260,599.9999258518219,0.0034479260446224733
lotka_volterra,async,0,2250,1000000.0,1505260,599.9999258518219,0.0034479260446224733
lotka_volterra,async,0,2618,1000000.0,1505260,599.9999258518219,0.0034479260446224733
lotka_volterra,async,0,3045,1000000.0,1505260,599.9999258518219,0.0034479260446224733
lotka_volterra,async,0,3543,1000000.0,1505260,599.9999258518219,0.0034479260446224733
lotka_volterra,async,0,4122,1000000.0,1505260,599.9999258518219,0.0034479260446224733
lotka_volterra,async,0,4795,5.411022404401159,1505260,599.9999258518219,0.0034479260446224733
lotka_volterra,async,0,5578,2.7738868596719213,1505260,599.9999258518219,0.0034479260446224733
lotka_volterra,async,0,6489,1.9009622487269988,1505260,599.9999258518219,0.0034479260446224733
lotka_volterra,async,0,7549,1.629370421985867,1505260,599.9999258518219,0.0034479260446224733
lotka_volterra,async,0,8783,1.463931427465214,1505260,599.9999258518219,0.0034479260446224733
lotka_volterra,async,0,10217,1.1970747280461826,1505260,599.9999258518219,0.0034479260446224733
lotka_volterra,async,0,11886,1.072106157934827,1505260,599.9999258518219,0.0034479260446224733
lotka_volterra,async,0,13828,0.9601639312994792,1505260,599.9999258518219,0.0034479260446224733
lotka_volterra,async,0,16086,0.8771829273637616,1505260,599.9999258518219,0.0034479260446224733
lotka_volterra,async,0,18714,0.7620828537721401,1505260,599.9999258518219,0.0034479260446224733
lotka_volterra,async,0,21770,0.6508271170949569,1505260,599.9999258518219,0.0034479260446224733
lotka_volterra,async,0,25326,0.6005266717022326,1505260,599.9999258518219,0.0034479260446224733
lotka_volterra,async,0,29463,0.5791060507366396,1505260,599.9999258518219,0.0034479260446224733
lotka_volterra,async,0,34276,0.5544552693955069,1505260,599.9999258518219,0.0034479260446224733
lotka_volterra,async,0,39874,0.5175282952990956,1505260,599.9999258518219,0.0034479260446224733
lotka_volterra,async,0,46387,0.4732069146113811,1505260,599.9999258518219,0.0034479260446224733
lotka_volterra,async,0,53964,0.4339387880613291,1505260,599.9999258518219,0.0034479260446224733
lotka_volterra,async,0,62778,0.4139482537435408,1505260,599.9999258518219,0.0034479260446224733
lotka_volterra,async,0,73032,0.3960886534822423,1505260,599.9999258518219,0.0034479260446224733
lotka_volterra,async,0,84961,0.361722929244631,1505260,599.9999258518219,0.0034479260446224733
lotka_volterra,async,0,98838,0.3171959952132707,1505260,599.9999258518219,0.0034479260446224733
lotka_volterra,async,0,114982,0.2907745322871947,1505260,599.9999258518219,0.0034479260446224733
lotka_volterra,async,0,133762,0.2715783949273713,1505260,599.9999258518219,0.0034479260446224733
lotka_volterra,async,0,155610,0.2533025845610638,1505260,599.9999258518219,0.0034479260446224733
lotka_volterra,async,0,181027,0.239106350957869,1505260,599.9999258518219,0.0034479260446224733
lotka_volterra,async,0,210595,0.2336339442629291,1505260,599.9999258518219,0.0034479260446224733
lotka_volterra,async,0,244993,0.2239312351410274,1505260,599.9999258518219,0.0034479260446224733
lotka_volterra,async,0,285009,0.2142528595098515,1505260,599.9999258518219,0.0034479260446224733
lotka_volterra,async,0,331561,0.2102630825224904,1505260,599.9999258518219,0.0034479260446224733
lotka_volterra,async,0,385716,0.1997176204974564,1505260,599.9999258518219,0.0034479260446224733
lotka_volterra,async,0,448717,0.1911309089663123,1505260,599.9999258518219,0.0034479260446224733
lotka_volterra,async,0,522009,0.1776560174838306,1505260,599.9999258518219,0.0034479260446224733
lotka_volterra,async,0,607271,0.1681106922240347,1505260,599.9999258518219,0.0034479260446224733
lotka_volterra,async,0,706460,0.1571225956136953,1505260,599.9999258518219,0.0034479260446224733
lotka_volterra,async,0,821849,0.1509005368798205,1505260,599.9999258518219,0.0034479260446224733
lotka_volterra,async,0,956086,0.1458064308551575,1505260,599.9999258518219,0.0034479260446224733
lotka_volterra,async,0,1112248,0.1372943785439598,1505260,599.9999258518219,0.0034479260446224733
lotka_volterra,async,0,1293917,0.1287536223363917,1505260,599.9999258518219,0.0034479260446224733
lotka_volterra,async,0,1505260,0.1214240993709385,1505260,599.9999258518219,0.0034479260446224733
lotka_volterra,async,1,200,1000000.0,1354332,599.9274952411652,0.003349282497179959
lotka_volterra,async,1,232,1000000.0,1354332,599.9274952411652,0.003349282497179959
lotka_volterra,async,1,269,1000000.0,1354332,599.9274952411652,0.003349282497179959
lotka_volterra,async,1,313,1000000.0,1354332,599.9274952411652,0.003349282497179959
lotka_volterra,async,1,363,1000000.0,1354332,599.9274952411652,0.003349282497179959
lotka_volterra,async,1,422,1000000.0,1354332,599.9274952411652,0.003349282497179959
lotka_volterra,async,1,490,1000000.0,1354332,599.9274952411652,0.003349282497179959
lotka_volterra,async,1,569,1000000.0,1354332,599.9274952411652,0.003349282497179959
lotka_volterra,async,1,661,1000000.0,1354332,599.9274952411652,0.003349282497179959
lotka_volterra,async,1,768,1000000.0,1354332,599.9274952411652,0.003349282497179959
lotka_volterra,async,1,891,1000000.0,1354332,599.9274952411652,0.003349282497179959
lotka_volterra,async,1,1035,1000000.0,1354332,599.9274952411652,0.003349282497179959
lotka_volterra,async,1,1202,1000000.0,1354332,599.9274952411652,0.003349282497179959
lotka_volterra,async,1,1396,1000000.0,1354332,599.9274952411652,0.003349282497179959
lotka_volterra,async,1,1621,1000000.0,1354332,599.9274952411652,0.003349282497179959
lotka_volterra,async,1,1883,1000000.0,1354332,599.9274952411652,0.003349282497179959
lotka_volterra,async,1,2187,1000000.0,1354332,599.9274952411652,0.003349282497179959
lotka_volterra,async,1,2539,1000000.0,1354332,599.9274952411652,0.003349282497179959
lotka_volterra,async,1,2949,1000000.0,1354332,599.9274952411652,0.003349282497179959
lotka_volterra,async,1,3424,1000000.0,1354332,599.9274952411652,0.003349282497179959
lotka_volterra,async,1,3977,1000000.0,1354332,599.9274952411652,0.003349282497179959
lotka_volterra,async,1,4618,4.5807327416942405,1354332,599.9274952411652,0.003349282497179959
lotka_volterra,async,1,5363,2.5237110315591167,1354332,599.9274952411652,0.003349282497179959
lotka_volterra,async,1,6228,1.68683431148311,1354332,599.9274952411652,0.003349282497179959
lotka_volterra,async,1,7232,1.4414970989093363,1354332,599.9274952411652,0.003349282497179959
lotka_volterra,async,1,8398,1.178111002044204,1354332,599.9274952411652,0.003349282497179959
lotka_volterra,async,1,9752,1.0077812076968915,1354332,599.9274952411652,0.003349282497179959
lotka_volterra,async,1,11325,0.8844833209488453,1354332,599.9274952411652,0.003349282497179959
lotka_volterra,async,1,13151,0.8003710114039314,1354332,599.9274952411652,0.003349282497179959
lotka_volterra,async,1,15272,0.719313013797715,1354332,599.9274952411652,0.003349282497179959
lotka_volterra,async,1,17735,0.6513846662656916,1354332,599.9274952411652,0.003349282497179959
lotka_volterra,async,1,20595,0.6164810199064096,1354332,599.9274952411652,0.003349282497179959
lotka_volterra,async,1,23916,0.5812440371404227,1354332,599.9274952411652,0.003349282497179959
lotka_volterra,async,1,27772,0.5396300294443163,1354332,599.9274952411652,0.003349282497179959
lotka_volterra,async,1,32251,0.4833735793703657,1354332,599.9274952411652,0.003349282497179959
lotka_volterra,async,1,37452,0.4275216801878674,1354332,599.9274952411652,0.003349282497179959
lotka_volterra,async,1,43491,0.3993843542293665,1354332,599.9274952411652,0.003349282497179959
lotka_volterra,async,1,50504,0.3743062401598351,1354332,599.9274952411652,0.003349282497179959
lotka_volterra,async,1,58648,0.3510676369902119,1354332,599.9274952411652,0.003349282497179959
lotka_volterra,async,1,68105,0.3314589290379045,1354332,599.9274952411652,0.003349282497179959
lotka_volterra,async,1,79088,0.3128612443776074,1354332,599.9274952411652,0.003349282497179959
lotka_volterra,async,1,91841,0.2905143468272284,1354332,599.9274952411652,0.003349282497179959
lotka_volterra,async,1,106651,0.2772708835477829,1354332,599.9274952411652,0.003349282497179959
lotka_volterra,async,1,123849,0.2594198437099275,1354332,599.9274952411652,0.003349282497179959
lotka_volterra,async,1,143820,0.2488521805539146,1354332,599.9274952411652,0.003349282497179959
lotka_volterra,async,1,167011,0.2338175717696564,1354332,599.9274952411652,0.003349282497179959
lotka_volterra,async,1,193942,0.2271027530354528,1354332,599.9274952411652,0.003349282497179959
lotka_volterra,async,1,225216,0.213204307035871,1354332,599.9274952411652,0.003349282497179959
lotka_volterra,async,1,261533,0.199090446482706,1354332,599.9274952411652,0.003349282497179959
lotka_volterra,async,1,303706,0.1897333304799312,1354332,599.9274952411652,0.003349282497179959
lotka_volterra,async,1,352680,0.1813649710497203,1354332,599.9274952411652,0.003349282497179959
lotka_volterra,async,1,409551,0.1738513886817732,1354332,599.9274952411652,0.003349282497179959
lotka_volterra,async,1,475593,0.1675330464220657,1354332,599.9274952411652,0.003349282497179959
lotka_volterra,async,1,552284,0.1552052255900309,1354332,599.9274952411652,0.003349282497179959
lotka_volterra,async,1,641342,0.1463051848048265,1354332,599.9274952411652,0.003349282497179959
lotka_volterra,async,1,744761,0.1370005926631519,1354332,599.9274952411652,0.003349282497179959
lotka_volterra,async,1,864856,0.1308349550300364,1354332,599.9274952411652,0.003349282497179959
lotka_volterra,async,1,1004317,0.1235891982683035,1354332,599.9274952411652,0.003349282497179959
lotka_volterra,async,1,1166267,0.1175662192345308,1354332,599.9274952411652,0.003349282497179959
lotka_volterra,async,1,1354332,0.1065081623461144,1354332,599.9274952411652,0.003349282497179959
lotka_volterra,async,2,200,1000000.0,1591977,599.9995610713959,0.003119847193811715
lotka_volterra,async,2,232,1000000.0,1591977,599.9995610713959,0.003119847193811715
lotka_volterra,async,2,271,1000000.0,1591977,599.9995610713959,0.003119847193811715
lotka_volterra,async,2,315,1000000.0,1591977,599.9995610713959,0.003119847193811715
lotka_volterra,async,2,367,1000000.0,1591977,599.9995610713959,0.003119847193811715
lotka_volterra,async,2,428,1000000.0,1591977,599.9995610713959,0.003119847193811715
lotka_volterra,async,2,498,1000000.0,1591977,599.9995610713959,0.003119847193811715
lotka_volterra,async,2,580,1000000.0,1591977,599.9995610713959,0.003119847193811715
lotka_volterra,async,2,676,1000000.0,1591977,599.9995610713959,0.003119847193811715
lotka_volterra,async,2,787,1000000.0,1591977,599.9995610713959,0.003119847193811715
lotka_volterra,async,2,916,1000000.0,1591977,599.9995610713959,0.003119847193811715
lotka_volterra,async,2,1067,1000000.0,1591977,599.9995610713959,0.003119847193811715
lotka_volterra,async,2,1242,1000000.0,1591977,599.9995610713959,0.003119847193811715
lotka_volterra,async,2,1447,1000000.0,1591977,599.9995610713959,0.003119847193811715
lotka_volterra,async,2,1685,1000000.0,1591977,599.9995610713959,0.003119847193811715
lotka_volterra,async,2,1962,1000000.0,1591977,599.9995610713959,0.003119847193811715
lotka_volterra,async,2,2285,1000000.0,1591977,599.9995610713959,0.003119847193811715
lotka_volterra,async,2,2660,1000000.0,1591977,599.9995610713959,0.003119847193811715
lotka_volterra,async,2,3098,1000000.0,1591977,599.9995610713959,0.003119847193811715
lotka_volterra,async,2,3607,1000000.0,1591977,599.9995610713959,0.003119847193811715
lotka_volterra,async,2,4201,21.39441211679135,1591977,599.9995610713959,0.003119847193811715
lotka_volterra,async,2,4892,3.428291003419392,1591977,599.9995610713959,0.003119847193811715
lotka_volterra,async,2,5696,2.2845990440836927,1591977,599.9995610713959,0.003119847193811715
lotka_volterra,async,2,6633,1.7430443225524817,1591977,599.9995610713959,0.003119847193811715
lotka_volterra,async,2,7723,1.370446394647284,1591977,599.9995610713959,0.003119847193811715
lotka_volterra,async,2,8994,1.1891812122927767,1591977,599.9995610713959,0.003119847193811715
lotka_volterra,async,2,10473,1.026808620911713,1591977,599.9995610713959,0.003119847193811715
lotka_volterra,async,2,12195,0.8815556624867689,1591977,599.9995610713959,0.003119847193811715
lotka_volterra,async,2,14200,0.7301733409963587,1591977,599.9995610713959,0.003119847193811715
lotka_volterra,async,2,16535,0.6669651845572626,1591977,599.9995610713959,0.003119847193811715
lotka_volterra,async,2,19254,0.6156695525550527,1591977,599.9995610713959,0.003119847193811715
lotka_volterra,async,2,22421,0.5773742115002535,1591977,599.9995610713959,0.003119847193811715
lotka_volterra,async,2,26108,0.5248283140785183,1591977,599.9995610713959,0.003119847193811715
lotka_volterra,async,2,30401,0.4750976421573298,1591977,599.9995610713959,0.003119847193811715
lotka_volterra,async,2,35400,0.4424469640219434,1591977,599.9995610713959,0.003119847193811715
lotka_volterra,async,2,41221,0.4084416804519736,1591977,599.9995610713959,0.003119847193811715
lotka_volterra,async,2,48000,0.3933866267976441,1591977,599.9995610713959,0.003119847193811715
lotka_volterra,async,2,55893,0.3708853891178705,1591977,599.9995610713959,0.003119847193811715
lotka_volterra,async,2,65084,0.3405189728129098,1591977,599.9995610713959,0.003119847193811715
lotka_volterra,async,2,75787,0.3233597560458711,1591977,599.9995610713959,0.003119847193811715
lotka_volterra,async,2,88249,0.2979560955487815,1591977,599.9995610713959,0.003119847193811715
lotka_volterra,async,2,102761,0.2690275537227058,1591977,599.9995610713959,0.003119847193811715
lotka_volterra,async,2,119659,0.2547360963280651,1591977,599.9995610713959,0.003119847193811715
lotka_volterra,async,2,139336,0.233697282061822,1591977,599.9995610713959,0.003119847193811715
lotka_volterra,async,2,162248,0.2210423358039352,1591977,599.9995610713959,0.003119847193811715
lotka_volterra,async,2,188928,0.2094504150523275,1591977,599.9995610713959,0.003119847193811715
lotka_volterra,async,2,219996,0.1973962082932458,1591977,599.9995610713959,0.003119847193811715
lotka_volterra,async,2,256172,0.1922717421280262,1591977,599.9995610713959,0.003119847193811715
lotka_volterra,async,2,298297,0.1814331592371444,1591977,599.9995610713959,0.003119847193811715
lotka_volterra,async,2,347349,0.1702861433152749,1591977,599.9995610713959,0.003119847193811715
lotka_volterra,async,2,404467,0.1620040045368171,1591977,599.9995610713959,0.003119847193811715
lotka_volterra,async,2,470977,0.148844572946427,1591977,599.9995610713959,0.003119847193811715
lotka_volterra,async,2,548425,0.1366086077915838,1591977,599.9995610713959,0.003119847193811715
lotka_volterra,async,2,638608,0.1334966565037738,1591977,599.9995610713959,0.003119847193811715
lotka_volterra,async,2,743620,0.1258605449572481,1591977,599.9995610713959,0.003119847193811715
lotka_volterra,async,2,865901,0.1218049242576871,1591977,599.9995610713959,0.003119847193811715
lotka_volterra,async,2,1008290,0.1159653827275383,1591977,599.9995610713959,0.003119847193811715
lotka_volterra,async,2,1174093,0.109473176363529,1591977,599.9995610713959,0.003119847193811715
lotka_volterra,async,2,1367161,0.1015814592668764,1591977,599.9995610713959,0.003119847193811715
lotka_volterra,async,2,1591977,0.0972916697736676,1591977,599.9995610713959,0.003119847193811715
lotka_volterra,async,3,200,1000000.0,1443807,599.9993736743927,0.003407848663241423
lotka_volterra,async,3,232,1000000.0,1443807,599.9993736743927,0.003407848663241423
lotka_volterra,async,3,270,1000000.0,1443807,599.9993736743927,0.003407848663241423
lotka_volterra,async,3,314,1000000.0,1443807,599.9993736743927,0.003407848663241423
lotka_volterra,async,3,365,1000000.0,1443807,599.9993736743927,0.003407848663241423
lotka_volterra,async,3,424,1000000.0,1443807,599.9993736743927,0.003407848663241423
lotka_volterra,async,3,493,1000000.0,1443807,599.9993736743927,0.003407848663241423
lotka_volterra,async,3,573,1000000.0,1443807,599.9993736743927,0.003407848663241423
lotka_volterra,async,3,667,1000000.0,1443807,599.9993736743927,0.003407848663241423
lotka_volterra,async,3,775,1000000.0,1443807,599.9993736743927,0.003407848663241423
lotka_volterra,async,3,901,1000000.0,1443807,599.9993736743927,0.003407848663241423
lotka_volterra,async,3,1048,1000000.0,1443807,599.9993736743927,0.003407848663241423
lotka_volterra,async,3,1218,1000000.0,1443807,599.9993736743927,0.003407848663241423
lotka_volterra,async,3,1416,1000000.0,1443807,599.9993736743927,0.003407848663241423
lotka_volterra,async,3,1646,1000000.0,1443807,599.9993736743927,0.003407848663241423
lotka_volterra,async,3,1914,1000000.0,1443807,599.9993736743927,0.003407848663241423
lotka_volterra,async,3,2225,1000000.0,1443807,599.9993736743927,0.003407848663241423
lotka_volterra,async,3,2586,1000000.0,1443807,599.9993736743927,0.003407848663241423
lotka_volterra,async,3,3007,1000000.0,1443807,599.9993736743927,0.003407848663241423
lotka_volterra,async,3,3496,17.43504160390031,1443807,599.9993736743927,0.003407848663241423
lotka_volterra,async,3,4064,4.065059095545252,1443807,599.9993736743927,0.003407848663241423
lotka_volterra,async,3,4724,2.7889748798936043,1443807,599.9993736743927,0.003407848663241423
lotka_volterra,async,3,5492,2.09895272245879,1443807,599.9993736743927,0.003407848663241423
lotka_volterra,async,3,6385,1.6954925597461783,1443807,599.9993736743927,0.003407848663241423
lotka_volterra,async,3,7423,1.388522589447772,1443807,599.9993736743927,0.003407848663241423
lotka_volterra,async,3,8629,1.2326981398319348,1443807,599.9993736743927,0.003407848663241423
lotka_volterra,async,3,10031,1.1093668287494494,1443807,599.9993736743927,0.003407848663241423
lotka_volterra,async,3,11662,1.0324621629320565,1443807,599.9993736743927,0.003407848663241423
lotka_volterra,async,3,13557,0.9206655599458214,1443807,599.9993736743927,0.003407848663241423
lotka_volterra,async,3,15760,0.8622072543299942,1443807,599.9993736743927,0.003407848663241423
lotka_volterra,async,3,18321,0.8064295570319574,1443807,599.9993736743927,0.003407848663241423
lotka_volterra,async,3,21299,0.7137636058469473,1443807,599.9993736743927,0.003407848663241423
lotka_volterra,async,3,24760,0.6679729365489832,1443807,599.9993736743927,0.003407848663241423
lotka_volterra,async,3,28784,0.5946465020766601,1443807,599.9993736743927,0.003407848663241423
lotka_volterra,async,3,33462,0.552204801250186,1443807,599.9993736743927,0.003407848663241423
lotka_volterra,async,3,38900,0.4834889248351872,1443807,599.9993736743927,0.003407848663241423
lotka_volterra,async,3,45222,0.4346720185206275,1443807,599.9993736743927,0.003407848663241423
lotka_volterra,async,3,52571,0.4049839274566968,1443807,599.9993736743927,0.003407848663241423
lotka_volterra,async,3,61115,0.3719369686506114,1443807,599.9993736743927,0.003407848663241423
lotka_volterra,async,3,71047,0.3506744015644762,1443807,599.9993736743927,0.003407848663241423
lotka_volterra,async,3,82593,0.3170602977095883,1443807,599.9993736743927,0.003407848663241423
lotka_volterra,async,3,96016,0.2842413255672008,1443807,599.9993736743927,0.003407848663241423
lotka_volterra,async,3,111620,0.2622128089523294,1443807,599.9993736743927,0.003407848663241423
lotka_volterra,async,3,129760,0.2478486178627738,1443807,599.9993736743927,0.003407848663241423
lotka_volterra,async,3,150848,0.2364707747377198,1443807,599.9993736743927,0.003407848663241423
lotka_volterra,async,3,175362,0.2281075484873606,1443807,599.9993736743927,0.003407848663241423
lotka_volterra,async,3,203861,0.214362064451512,1443807,599.9993736743927,0.003407848663241423
lotka_volterra,async,3,236992,0.2073806001773779,1443807,599.9993736743927,0.003407848663241423
lotka_volterra,async,3,275506,0.1957743050145234,1443807,599.9993736743927,0.003407848663241423
lotka_volterra,async,3,320279,0.1851343072819199,1443807,599.9993736743927,0.003407848663241423
lotka_volterra,async,3,372329,0.1804703691512012,1443807,599.9993736743927,0.003407848663241423
lotka_volterra,async,3,432838,0.1669913799554449,1443807,599.9993736743927,0.003407848663241423
lotka_volterra,async,3,503180,0.1566350115111825,1443807,599.9993736743927,0.003407848663241423
lotka_volterra,async,3,584953,0.1381709320457819,1443807,599.9993736743927,0.003407848663241423
lotka_volterra,async,3,680016,0.1304481641479222,1443807,599.9993736743927,0.003407848663241423
lotka_volterra,async,3,790528,0.1222461883591026,1443807,599.9993736743927,0.003407848663241423
lotka_volterra,async,3,918999,0.1167878788872314,1443807,599.9993736743927,0.003407848663241423
lotka_volterra,async,3,1068349,0.1091573480037608,1443807,599.9993736743927,0.003407848663241423
lotka_volterra,async,3,1241970,0.1050706817184748,1443807,599.9993736743927,0.003407848663241423
lotka_volterra,async,3,1443807,0.0956152244276726,1443807,599.9993736743927,0.003407848663241423
lotka_volterra,async,4,200,1000000.0,1587540,599.9998776912689,0.0033286122904088774
lotka_volterra,async,4,232,1000000.0,1587540,599.9998776912689,0.0033286122904088774
lotka_volterra,async,4,271,1000000.0,1587540,599.9998776912689,0.0033286122904088774
lotka_volterra,async,4,315,1000000.0,1587540,599.9998776912689,0.0033286122904088774
lotka_volterra,async,4,367,1000000.0,1587540,599.9998776912689,0.0033286122904088774
lotka_volterra,async,4,428,1000000.0,1587540,599.9998776912689,0.0033286122904088774
lotka_volterra,async,4,498,1000000.0,1587540,599.9998776912689,0.0033286122904088774
lotka_volterra,async,4,580,1000000.0,1587540,599.9998776912689,0.0033286122904088774
lotka_volterra,async,4,675,1000000.0,1587540,599.9998776912689,0.0033286122904088774
lotka_volterra,async,4,786,1000000.0,1587540,599.9998776912689,0.0033286122904088774
lotka_volterra,async,4,916,1000000.0,1587540,599.9998776912689,0.0033286122904088774
lotka_volterra,async,4,1066,1000000.0,1587540,599.9998776912689,0.0033286122904088774
lotka_volterra,async,4,1242,1000000.0,1587540,599.9998776912689,0.0033286122904088774
lotka_volterra,async,4,1446,1000000.0,1587540,599.9998776912689,0.0033286122904088774
lotka_volterra,async,4,1684,1000000.0,1587540,599.9998776912689,0.0033286122904088774
lotka_volterra,async,4,1961,1000000.0,1587540,599.9998776912689,0.0033286122904088774
lotka_volterra,async,4,2283,1000000.0,1587540,599.9998776912689,0.0033286122904088774
lotka_volterra,async,4,2658,44.34093431081015,1587540,599.9998776912689,0.0033286122904088774
lotka_volterra,async,4,3095,9.231619143251326,1587540,599.9998776912689,0.0033286122904088774
lotka_volterra,async,4,3604,4.0848555090678325,1587540,599.9998776912689,0.0033286122904088774
lotka_volterra,async,4,4197,2.8152874684385654,1587540,599.9998776912689,0.0033286122904088774
lotka_volterra,async,4,4887,2.182922922718084,1587540,599.9998776912689,0.0033286122904088774
lotka_volterra,async,4,5690,1.7949777412479624,1587540,599.9998776912689,0.0033286122904088774
lotka_volterra,async,4,6625,1.517273732422855,1587540,599.9998776912689,0.0033286122904088774
lotka_volterra,async,4,7715,1.3287123179942786,1587540,599.9998776912689,0.0033286122904088774
lotka_volterra,async,4,8983,1.2012382999523437,1587540,599.9998776912689,0.0033286122904088774
lotka_volterra,async,4,10460,1.0515367170179577,1587540,599.9998776912689,0.0033286122904088774
lotka_volterra,async,4,12179,0.933432195567126,1587540,599.9998776912689,0.0033286122904088774
lotka_volterra,async,4,14181,0.8628661294662525,1587540,599.9998776912689,0.0033286122904088774
lotka_volterra,async,4,16513,0.778303386433691,1587540,599.9998776912689,0.0033286122904088774
lotka_volterra,async,4,19227,0.6907041494772225,1587540,599.9998776912689,0.0033286122904088774
lotka_volterra,async,4,22388,0.6104399214819426,1587540,599.9998776912689,0.0033286122904088774
lotka_volterra,async,4,26068,0.5409248765162181,1587540,599.9998776912689,0.0033286122904088774
lotka_volterra,async,4,30353,0.4865475548196783,1587540,599.9998776912689,0.0033286122904088774
lotka_volterra,async,4,35343,0.4598360103602557,1587540,599.9998776912689,0.0033286122904088774
lotka_volterra,async,4,41153,0.4331401065989765,1587540,599.9998776912689,0.0033286122904088774
lotka_volterra,async,4,47918,0.4045526375342838,1587540,599.9998776912689,0.0033286122904088774
lotka_volterra,async,4,55795,0.37805321243436,1587540,599.9998776912689,0.0033286122904088774
lotka_volterra,async,4,64967,0.3443017087577469,1587540,599.9998776912689,0.0033286122904088774
lotka_volterra,async,4,75647,0.3291908661826777,1587540,599.9998776912689,0.0033286122904088774
lotka_volterra,async,4,88082,0.3148820313925886,1587540,599.9998776912689,0.0033286122904088774
lotka_volterra,async,4,102562,0.2934352463087409,1587540,599.9998776912689,0.0033286122904088774
lotka_volterra,async,4,119421,0.274821474757719,1587540,599.9998776912689,0.0033286122904088774
lotka_volterra,async,4,139052,0.259747116738818,1587540,599.9998776912689,0.0033286122904088774
lotka_volterra,async,4,161911,0.2417480851602052,1587540,599.9998776912689,0.0033286122904088774
lotka_volterra,async,4,188526,0.2326364335904614,1587540,599.9998776912689,0.0033286122904088774
lotka_volterra,async,4,219517,0.2192727014630725,1587540,599.9998776912689,0.0033286122904088774
lotka_volterra,async,4,255603,0.2089443972092499,1587540,599.9998776912689,0.0033286122904088774
lotka_volterra,async,4,297620,0.1958887466616027,1587540,599.9998776912689,0.0033286122904088774
lotka_volterra,async,4,346544,0.1770281067880227,1587540,599.9998776912689,0.0033286122904088774
lotka_volterra,async,4,403511,0.1612550005544964,1587540,599.9998776912689,0.0033286122904088774
lotka_volterra,async,4,469842,0.1525535899602648,1587540,599.9998776912689,0.0033286122904088774
lotka_volterra,async,4,547077,0.1408494798037796,1587540,599.9998776912689,0.0033286122904088774
lotka_volterra,async,4,637008,0.1379214882759181,1587540,599.9998776912689,0.0033286122904088774
lotka_volterra,async,4,741723,0.1258609944371227,1587540,599.9998776912689,0.0033286122904088774
lotka_volterra,async,4,863651,0.1199004815365358,1587540,599.9998776912689,0.0033286122904088774
lotka_volterra,async,4,1005622,0.1127330705095887,1587540,599.9998776912689,0.0033286122904088774
lotka_volterra,async,4,1170931,0.1065068877550057,1587540,599.9998776912689,0.0033286122904088774
lotka_volterra,async,4,1363415,0.1035640812103127,1587540,599.9998776912689,0.0033286122904088774
lotka_volterra,async,4,1587540,0.0982780934696987,1587540,599.9998776912689,0.0033286122904088774
cellular_potts,async,0,200,0.286949643149299,12835,3599.39952301979,13.434440838041404
cellular_potts,async,0,214,0.19915205148387,12835,3599.39952301979,13.434440838041404
cellular_potts,async,0,230,0.1516331476547332,12835,3599.39952301979,13.434440838041404
cellular_potts,async,0,247,0.1259140089621732,12835,3599.39952301979,13.434440838041404
cellular_potts,async,0,265,0.1045248419434908,12835,3599.39952301979,13.434440838041404
cellular_potts,async,0,284,0.0932844176212868,12835,3599.39952301979,13.434440838041404
cellular_potts,async,0,305,0.0763824936776815,12835,3599.39952301979,13.434440838041404
cellular_potts,async,0,327,0.0723822032089508,12835,3599.39952301979,13.434440838041404
cellular_potts,async,0,351,0.0627801000772912,12835,3599.39952301979,13.434440838041404
cellular_potts,async,0,377,0.0479675992986461,12835,3599.39952301979,13.434440838041404
cellular_potts,async,0,404,0.0390435618923731,12835,3599.39952301979,13.434440838041404
cellular_potts,async,0,434,0.0344841107923125,12835,3599.39952301979,13.434440838041404
cellular_potts,async,0,466,0.0273187269638023,12835,3599.39952301979,13.434440838041404
cellular_potts,async,0,500,0.0242745775971834,12835,3599.39952301979,13.434440838041404
cellular_potts,async,0,536,0.0193657048006364,12835,3599.39952301979,13.434440838041404
cellular_potts,async,0,576,0.0168551731353069,12835,3599.39952301979,13.434440838041404
cellular_potts,async,0,618,0.0148695257790066,12835,3599.39952301979,13.434440838041404
cellular_potts,async,0,663,0.0129033556832316,12835,3599.39952301979,13.434440838041404
cellular_potts,async,0,711,0.0106857099929713,12835,3599.39952301979,13.434440838041404
cellular_potts,async,0,763,0.0087505291668337,12835,3599.39952301979,13.434440838041404
cellular_potts,async,0,819,0.0068939517146218,12835,3599.39952301979,13.434440838041404
cellular_potts,async,0,879,0.0055358764221398,12835,3599.39952301979,13.434440838041404
cellular_potts,async,0,943,0.0044925559174379,12835,3599.39952301979,13.434440838041404
cellular_potts,async,0,1012,0.0039377154891121,12835,3599.39952301979,13.434440838041404
cellular_potts,async,0,1087,0.0034412601676675,12835,3599.39952301979,13.434440838041404
cellular_potts,async,0,1166,0.0029051016609244,12835,3599.39952301979,13.434440838041404
cellular_potts,async,0,1251,0.0025109005242788,12835,3599.39952301979,13.434440838041404
cellular_potts,async,0,1343,0.0020818067159946,12835,3599.39952301979,13.434440838041404
cellular_potts,async,0,1441,0.0017239218527611,12835,3599.39952301979,13.434440838041404
cellular_potts,async,0,1546,0.0015682072936304,12835,3599.39952301979,13.434440838041404
cellular_potts,async,0,1659,0.0014143078071749,12835,3599.39952301979,13.434440838041404
cellular_potts,async,0,1780,0.0011654089404012,12835,3599.39952301979,13.434440838041404
cellular_potts,async,0,1911,0.0010907786378448,12835,3599.39952301979,13.434440838041404
cellular_potts,async,0,2050,0.000980371784755,12835,3599.39952301979,13.434440838041404
cellular_potts,async,0,2200,0.0008844692583772,12835,3599.39952301979,13.434440838041404
cellular_potts,async,0,2361,0.0007674046887829,12835,3599.39952301979,13.434440838041404
cellular_potts,async,0,2534,0.000657199760205,12835,3599.39952301979,13.434440838041404
cellular_potts,async,0,2719,0.0006103700078647,12835,3599.39952301979,13.434440838041404
cellular_potts,async,0,2918,0.0005199387996551,12835,3599.39952301979,13.434440838041404
cellular_potts,async,0,3131,0.00047218122292,12835,3599.39952301979,13.434440838041404
cellular_potts,async,0,3360,0.0003962160828339,12835,3599.39952301979,13.434440838041404
cellular_potts,async,0,3605,0.0003605592735197,12835,3599.39952301979,13.434440838041404
cellular_potts,async,0,3869,0.0003430810317538,12835,3599.39952301979,13.434440838041404
cellular_potts,async,0,4152,0.0003148688014482,12835,3599.39952301979,13.434440838041404
cellular_potts,async,0,4455,0.0002700231220827,12835,3599.39952301979,13.434440838041404
cellular_potts,async,0,4781,0.000241880218564,12835,3599.39952301979,13.434440838041404
cellular_potts,async,0,5130,0.0002206331646333,12835,3599.39952301979,13.434440838041404
cellular_potts,async,0,5505,0.0002017870318263,12835,3599.39952301979,13.434440838041404
cellular_potts,async,0,5907,0.0001847231107763,12835,3599.39952301979,13.434440838041404
cellular_potts,async,0,6339,0.0001737422033689,12835,3599.39952301979,13.434440838041404
cellular_potts,async,0,6802,0.0001473526911172,12835,3599.39952301979,13.434440838041404
cellular_potts,async,0,7300,0.0001403885154019,12835,3599.39952301979,13.434440838041404
cellular_potts,async,0,7833,0.0001310434849651,12835,3599.39952301979,13.434440838041404
cellular_potts,async,0,8406,0.0001196789523292,12835,3599.39952301979,13.434440838041404
cellular_potts,async,0,9020,0.0001061682638933,12835,3599.39952301979,13.434440838041404
cellular_potts,async,0,9679,9.968297392461457e-05,12835,3599.39952301979,13.434440838041404
cellular_potts,async,0,10387,8.470761204195333e-05,12835,3599.39952301979,13.434440838041404
cellular_potts,async,0,11146,7.622628613424942e-05,12835,3599.39952301979,13.434440838041404
cellular_potts,async,0,11960,6.596153530752047e-05,12835,3599.39952301979,13.434440838041404
cellular_potts,async,0,12835,6.147726466202043e-05,12835,3599.39952301979,13.434440838041404
cellular_potts,async,1,200,0.2340528191776632,12860,3599.644980430603,13.403437161056287
cellular_potts,async,1,214,0.1460161304123877,12860,3599.644980430603,13.403437161056287
cellular_potts,async,1,230,0.1075560227931569,12860,3599.644980430603,13.403437161056287
cellular_potts,async,1,247,0.0850824342176012,12860,3599.644980430603,13.403437161056287
cellular_potts,async,1,265,0.0627505035686555,12860,3599.644980430603,13.403437161056287
cellular_potts,async,1,284,0.0529382061592015,12860,3599.644980430603,13.403437161056287
cellular_potts,async,1,305,0.043113655756398,12860,3599.644980430603,13.403437161056287
cellular_potts,async,1,327,0.0386976180046357,12860,3599.644980430603,13.403437161056287
cellular_potts,async,1,351,0.0321194218814734,12860,3599.644980430603,13.403437161056287
cellular_potts,async,1,377,0.0269783500752778,12860,3599.644980430603,13.403437161056287
cellular_potts,async,1,405,0.0243161290632444,12860,3599.644980430603,13.403437161056287
cellular_potts,async,1,434,0.0226233298236067,12860,3599.644980430603,13.403437161056287
cellular_potts,async,1,466,0.0183103910795286,12860,3599.644980430603,13.403437161056287
cellular_potts,async,1,500,0.0168215731924135,12860,3599.644980430603,13.403437161056287
cellular_potts,async,1,537,0.0132522254043707,12860,3599.644980430603,13.403437161056287
cellular_potts,async,1,576,0.0118145399601422,12860,3599.644980430603,13.403437161056287
cellular_potts,async,1,618,0.0106817233245146,12860,3599.644980430603,13.403437161056287
cellular_potts,async,1,663,0.0096040700844435,12860,3599.644980430603,13.403437161056287
cellular_potts,async,1,712,0.0088405037645723,12860,3599.644980430603,13.403437161056287
cellular_potts,async,1,764,0.0080914302329594,12860,3599.644980430603,13.403437161056287
cellular_potts,async,1,820,0.0064498768097926,12860,3599.644980430603,13.403437161056287
cellular_potts,async,1,880,0.0054785739203056,12860,3599.644980430603,13.403437161056287
cellular_potts,async,1,944,0.0046012696750096,12860,3599.644980430603,13.403437161056287
cellular_potts,async,1,1013,0.0039407305554,12860,3599.644980430603,13.403437161056287
cellular_potts,async,1,1087,0.003372198718422,12860,3599.644980430603,13.403437161056287
cellular_potts,async,1,1167,0.0029213083290562,12860,3599.644980430603,13.403437161056287
cellular_potts,async,1,1252,0.002534869259504,12860,3599.644980430603,13.403437161056287
cellular_potts,async,1,1344,0.0019826768865672,12860,3599.644980430603,13.403437161056287
cellular_potts,async,1,1442,0.0016548448530041,12860,3599.644980430603,13.403437161056287
cellular_potts,async,1,1548,0.0014889885707819,12860,3599.644980430603,13.403437161056287
cellular_potts,async,1,1661,0.0013273240125778,12860,3599.644980430603,13.403437161056287
cellular_potts,async,1,1782,0.0012013377292577,12860,3599.644980430603,13.403437161056287
cellular_potts,async,1,1913,0.0010277262818659,12860,3599.644980430603,13.403437161056287
cellular_potts,async,1,2053,0.000950891775417,12860,3599.644980430603,13.403437161056287
cellular_potts,async,1,2203,0.0008199180444397,12860,3599.644980430603,13.403437161056287
cellular_potts,async,1,2364,0.0007441939244057,12860,3599.644980430603,13.403437161056287
cellular_potts,async,1,2537,0.000659534347336,12860,3599.644980430603,13.403437161056287
cellular_potts,async,1,2722,0.0005632052726378,12860,3599.644980430603,13.403437161056287
cellular_potts,async,1,2921,0.0005070779057446,12860,3599.644980430603,13.403437161056287
cellular_potts,async,1,3135,0.0004196649240402,12860,3599.644980430603,13.403437161056287
cellular_potts,async,1,3364,0.000363909076627,12860,3599.644980430603,13.403437161056287
cellular_potts,async,1,3610,0.000328889835458,12860,3599.644980430603,13.403437161056287
cellular_potts,async,1,3874,0.0002737306712555,12860,3599.644980430603,13.403437161056287
cellular_potts,async,1,4157,0.0002484183667308,12860,3599.644980430603,13.403437161056287
cellular_potts,async,1,4461,0.0002391392470279,12860,3599.644980430603,13.403437161056287
cellular_potts,async,1,4788,0.0002176579069075,12860,3599.644980430603,13.403437161056287
cellular_potts,async,1,5138,0.0001988882531448,12860,3599.644980430603,13.403437161056287
cellular_potts,async,1,5514,0.0001668873573958,12860,3599.644980430603,13.403437161056287
cellular_potts,async,1,5917,0.0001558404640481,12860,3599.644980430603,13.403437161056287
cellular_potts,async,1,6349,0.0001503022441608,12860,3599.644980430603,13.403437161056287
cellular_potts,async,1,6814,0.0001381549285398,12860,3599.644980430603,13.403437161056287
cellular_potts,async,1,7312,0.0001256035392629,12860,3599.644980430603,13.403437161056287
cellular_potts,async,1,7847,0.000120461117218,12860,3599.644980430603,13.403437161056287
cellular_potts,async,1,8420,0.0001139959940575,12860,3599.644980430603,13.403437161056287
cellular_potts,async,1,9036,0.0001107951393601,12860,3599.644980430603,13.403437161056287
cellular_potts,async,1,9697,0.0001040330374901,12860,3599.644980430603,13.403437161056287
cellular_potts,async,1,10406,9.624230975029848e-05,12860,3599.644980430603,13.403437161056287
cellular_potts,async,1,11167,8.39637973884574e-05,12860,3599.644980430603,13.403437161056287
cellular_potts,async,1,11983,8.041190961622438e-05,12860,3599.644980430603,13.403437161056287
cellular_potts,async,1,12860,7.629015888252514e-05,12860,3599.644980430603,13.403437161056287
cellular_potts,async,2,200,0.2719167161794862,12896,3599.88542675972,13.366862605360541
cellular_potts,async,2,214,0.2104449145802835,12896,3599.88542675972,13.366862605360541
cellular_potts,async,2,230,0.1537006664185187,12896,3599.88542675972,13.366862605360541
cellular_potts,async,2,247,0.1166472881272192,12896,3599.88542675972,13.366862605360541
cellular_potts,async,2,265,0.0895646018531959,12896,3599.88542675972,13.366862605360541
cellular_potts,async,2,284,0.0758885131819696,12896,3599.88542675972,13.366862605360541
cellular_potts,async,2,305,0.0591026052972041,12896,3599.88542675972,13.366862605360541
cellular_potts,async,2,327,0.0494740510557009,12896,3599.88542675972,13.366862605360541
cellular_potts,async,2,351,0.0394477481165093,12896,3599.88542675972,13.366862605360541
cellular_potts,async,2,377,0.0337957435637697,12896,3599.88542675972,13.366862605360541
cellular_potts,async,2,405,0.0277956064372392,12896,3599.88542675972,13.366862605360541
cellular_potts,async,2,434,0.024519815935503,12896,3599.88542675972,13.366862605360541
cellular_potts,async,2,466,0.0182809669281669,12896,3599.88542675972,13.366862605360541
cellular_potts,async,2,500,0.0168467755529595,12896,3599.88542675972,13.366862605360541
cellular_potts,async,2,537,0.0130862631799678,12896,3599.88542675972,13.366862605360541
cellular_potts,async,2,576,0.011096265382094,12896,3599.88542675972,13.366862605360541
cellular_potts,async,2,619,0.0095217388074409,12896,3599.88542675972,13.366862605360541
cellular_potts,async,2,664,0.008109808798796,12896,3599.88542675972,13.366862605360541
cellular_potts,async,2,712,0.0070156363158475,12896,3599.88542675972,13.366862605360541
cellular_potts,async,2,765,0.0063111819012469,12896,3599.88542675972,13.366862605360541
cellular_potts,async,2,821,0.0051788363558873,12896,3599.88542675972,13.366862605360541
cellular_potts,async,2,881,0.0046150785063585,12896,3599.88542675972,13.366862605360541
cellular_potts,async,2,945,0.0038060175326873,12896,3599.88542675972,13.366862605360541
cellular_potts,async,2,1014,0.0033107838053947,12896,3599.88542675972,13.366862605360541
cellular_potts,async,2,1089,0.0025719356720943,12896,3599.88542675972,13.366862605360541
cellular_potts,async,2,1168,0.0023969772240492,12896,3599.88542675972,13.366862605360541
cellular_potts,async,2,1254,0.002056205756764,12896,3599.88542675972,13.366862605360541
cellular_potts,async,2,1346,0.0017767444463684,12896,3599.88542675972,13.366862605360541
cellular_potts,async,2,1444,0.0015905291917253,12896,3599.88542675972,13.366862605360541
cellular_potts,async,2,1550,0.0014798209501785,12896,3599.88542675972,13.366862605360541
cellular_potts,async,2,1663,0.0013320652805635,12896,3599.88542675972,13.366862605360541
cellular_potts,async,2,1785,0.0012432879606801,12896,3599.88542675972,13.366862605360541
cellular_potts,async,2,1916,0.0011450601544202,12896,3599.88542675972,13.366862605360541
cellular_potts,async,2,2056,0.0009121670033649,12896,3599.88542675972,13.366862605360541
cellular_potts,async,2,2206,0.0008376802919235,12896,3599.88542675972,13.366862605360541
cellular_potts,async,2,2368,0.000692590302268,12896,3599.88542675972,13.366862605360541
cellular_potts,async,2,2541,0.0006269861885819,12896,3599.88542675972,13.366862605360541
cellular_potts,async,2,2727,0.0005579553928263,12896,3599.88542675972,13.366862605360541
cellular_potts,async,2,2926,0.0005131843427944,12896,3599.88542675972,13.366862605360541
cellular_potts,async,2,3141,0.000459464819562,12896,3599.88542675972,13.366862605360541
cellular_potts,async,2,3371,0.0003829188494909,12896,3599.88542675972,13.366862605360541
cellular_potts,async,2,3617,0.0003497053920847,12896,3599.88542675972,13.366862605360541
cellular_potts,async,2,3882,0.0003128035296893,12896,3599.88542675972,13.366862605360541
cellular_potts,async,2,4166,0.0002742903881072,12896,3599.88542675972,13.366862605360541
cellular_potts,async,2,4471,0.0002517817383445,12896,3599.88542675972,13.366862605360541
cellular_potts,async,2,4798,0.0002088406328959,12896,3599.88542675972,13.366862605360541
cellular_potts,async,2,5149,0.0001950196290383,12896,3599.88542675972,13.366862605360541
cellular_potts,async,2,5526,0.0001756995963242,12896,3599.88542675972,13.366862605360541
cellular_potts,async,2,5930,0.0001612488335158,12896,3599.88542675972,13.366862605360541
cellular_potts,async,2,6364,0.0001350378956088,12896,3599.88542675972,13.366862605360541
cellular_potts,async,2,6830,0.0001323019981029,12896,3599.88542675972,13.366862605360541
cellular_potts,async,2,7330,0.0001243366444636,12896,3599.88542675972,13.366862605360541
cellular_potts,async,2,7866,0.0001199669783886,12896,3599.88542675972,13.366862605360541
cellular_potts,async,2,8442,0.0001085172213948,12896,3599.88542675972,13.366862605360541
cellular_potts,async,2,9059,0.0001026538548414,12896,3599.88542675972,13.366862605360541
cellular_potts,async,2,9722,9.65834668742719e-05,12896,3599.88542675972,13.366862605360541
cellular_potts,async,2,10433,8.727745779487755e-05,12896,3599.88542675972,13.366862605360541
cellular_potts,async,2,11197,7.940130543737623e-05,12896,3599.88542675972,13.366862605360541
cellular_potts,async,2,12016,7.398766110260965e-05,12896,3599.88542675972,13.366862605360541
cellular_potts,async,2,12896,6.435888993689814e-05,12896,3599.88542675972,13.366862605360541
cellular_potts,async,3,200,0.2075216022452587,12909,3599.60633468628,13.357159668068185
cellular_potts,async,3,214,0.1511931408153179,12909,3599.60633468628,13.357159668068185
cellular_potts,async,3,230,0.101619681151744,12909,3599.60633468628,13.357159668068185
cellular_potts,async,3,247,0.070115821467439,12909,3599.60633468628,13.357159668068185
cellular_potts,async,3,265,0.0560368898515213,12909,3599.60633468628,13.357159668068185
cellular_potts,async,3,284,0.0455561645974589,12909,3599.60633468628,13.357159668068185
cellular_potts,async,3,305,0.0370910260603399,12909,3599.60633468628,13.357159668068185
cellular_potts,async,3,327,0.0343326768014884,12909,3599.60633468628,13.357159668068185
cellular_potts,async,3,351,0.0265956948019145,12909,3599.60633468628,13.357159668068185
cellular_potts,async,3,377,0.0239476513795297,12909,3599.60633468628,13.357159668068185
cellular_potts,async,3,405,0.0204257002126417,12909,3599.60633468628,13.357159668068185
cellular_potts,async,3,434,0.0172833746504871,12909,3599.60633468628,13.357159668068185
cellular_potts,async,3,466,0.0149462479972792,12909,3599.60633468628,13.357159668068185
cellular_potts,async,3,500,0.0132949311863073,12909,3599.60633468628,13.357159668068185
cellular_potts,async,3,537,0.0122075129517078,12909,3599.60633468628,13.357159668068185
cellular_potts,async,3,576,0.0103444471234402,12909,3599.60633468628,13.357159668068185
cellular_potts,async,3,619,0.008849039175344,12909,3599.60633468628,13.357159668068185
cellular_potts,async,3,664,0.0076552440976329,12909,3599.60633468628,13.357159668068185
cellular_potts,async,3,713,0.006324114399342,12909,3599.60633468628,13.357159668068185
cellular_potts,async,3,765,0.0056921311863714,12909,3599.60633468628,13.357159668068185
cellular_potts,async,3,821,0.0045886882642991,12909,3599.60633468628,13.357159668068185
cellular_potts,async,3,881,0.0039288614872925,12909,3599.60633468628,13.357159668068185
cellular_potts,async,3,946,0.0033713354875561,12909,3599.60633468628,13.357159668068185
cellular_potts,async,3,1015,0.0029370164999958,12909,3599.60633468628,13.357159668068185
cellular_potts,async,3,1089,0.0024406667071384,12909,3599.60633468628,13.357159668068185
cellular_potts,async,3,1169,0.0021279988359005,12909,3599.60633468628,13.357159668068185
cellular_potts,async,3,1254,0.0019400982102805,12909,3599.60633468628,13.357159668068185
cellular_potts,async,3,1346,0.0017835338868554,12909,3599.60633468628,13.357159668068185
cellular_potts,async,3,1445,0.0016464965178237,12909,3599.60633468628,13.357159668068185
cellular_potts,async,3,1551,0.0015375136255468,12909,3599.60633468628,13.357159668068185
cellular_potts,async,3,1664,0.0014413449753219,12909,3599.60633468628,13.357159668068185
cellular_potts,async,3,1786,0.0012533645077344,12909,3599.60633468628,13.357159668068185
cellular_potts,async,3,1917,0.0010905632125794,12909,3599.60633468628,13.357159668068185
cellular_potts,async,3,2057,0.0009926480692733,12909,3599.60633468628,13.357159668068185
cellular_potts,async,3,2208,0.0009029284471001,12909,3599.60633468628,13.357159668068185
cellular_potts,async,3,2369,0.0008030881039221,12909,3599.60633468628,13.357159668068185
cellular_potts,async,3,2543,0.0007337709183426,12909,3599.60633468628,13.357159668068185
cellular_potts,async,3,2729,0.000719273759939,12909,3599.60633468628,13.357159668068185
cellular_potts,async,3,2928,0.0006495839890399,12909,3599.60633468628,13.357159668068185
cellular_potts,async,3,3143,0.0005474363214385,12909,3599.60633468628,13.357159668068185
cellular_potts,async,3,3373,0.000483401671282,12909,3599.60633468628,13.357159668068185
cellular_potts,async,3,3620,0.0004476595634115,12909,3599.60633468628,13.357159668068185
cellular_potts,async,3,3885,0.0003919155078824,12909,3599.60633468628,13.357159668068185
cellular_potts,async,3,4169,0.0003607411023215,12909,3599.60633468628,13.357159668068185
cellular_potts,async,3,4474,0.0003513083914438,12909,3599.60633468628,13.357159668068185
cellular_potts,async,3,4802,0.0003156953417017,12909,3599.60633468628,13.357159668068185
cellular_potts,async,3,5153,0.0002874835690047,12909,3599.60633468628,13.357159668068185
cellular_potts,async,3,5530,0.0002601005176831,12909,3599.60633468628,13.357159668068185
cellular_potts,async,3,5935,0.0002130326693985,12909,3599.60633468628,13.357159668068185
cellular_potts,async,3,6369,0.0002053371767275,12909,3599.60633468628,13.357159668068185
cellular_potts,async,3,6836,0.000197074699452,12909,3599.60633468628,13.357159668068185
cellular_potts,async,3,7336,0.0001844607825226,12909,3599.60633468628,13.357159668068185
cellular_potts,async,3,7873,0.0001689778915692,12909,3599.60633468628,13.357159668068185
cellular_potts,async,3,8449,0.0001549773913497,12909,3599.60633468628,13.357159668068185
cellular_potts,async,3,9068,0.0001348497406324,12909,3599.60633468628,13.357159668068185
cellular_potts,async,3,9731,0.0001225493411217,12909,3599.60633468628,13.357159668068185
cellular_potts,async,3,10443,0.0001072438281045,12909,3599.60633468628,13.357159668068185
cellular_potts,async,3,11208,9.548030114372375e-05,12909,3599.60633468628,13.357159668068185
cellular_potts,async,3,12028,9.07675087011055e-05,12909,3599.60633468628,13.357159668068185
cellular_potts,async,3,12909,8.576469642625384e-05,12909,3599.60633468628,13.357159668068185
cellular_potts,async,4,200,0.2516722113765852,12934,3599.8305275440216,13.332685399483138
cellular_potts,async,4,214,0.1742782132533174,12934,3599.8305275440216,13.332685399483138
cellular_potts,async,4,230,0.1298435180057851,12934,3599.8305275440216,13.332685399483138
cellular_potts,async,4,247,0.1000854320428557,12934,3599.8305275440216,13.332685399483138
cellular_potts,async,4,265,0.0862303752477224,12934,3599.8305275440216,13.332685399483138
cellular_potts,async,4,284,0.0655584825011064,12934,3599.8305275440216,13.332685399483138
cellular_potts,async,4,305,0.051307978976194,12934,3599.8305275440216,13.332685399483138
cellular_potts,async,4,327,0.0445753314611428,12934,3599.8305275440216,13.332685399483138
cellular_potts,async,4,352,0.0327405551761345,12934,3599.8305275440216,13.332685399483138
cellular_potts,async,4,377,0.0230138231606394,12934,3599.8305275440216,13.332685399483138
cellular_potts,async,4,405,0.0208071344819317,12934,3599.8305275440216,13.332685399483138
cellular_potts,async,4,435,0.0192284554053876,12934,3599.8305275440216,13.332685399483138
cellular_potts,async,4,466,0.016641161174947,12934,3599.8305275440216,13.332685399483138
cellular_potts,async,4,501,0.0129580027500954,12934,3599.8305275440216,13.332685399483138
cellular_potts,async,4,537,0.0121319299420641,12934,3599.8305275440216,13.332685399483138
cellular_potts,async,4,577,0.0109806419192741,12934,3599.8305275440216,13.332685399483138
cellular_potts,async,4,619,0.0097615044890383,12934,3599.8305275440216,13.332685399483138
cellular_potts,async,4,664,0.0081239993806708,12934,3599.8305275440216,13.332685399483138
cellular_potts,async,4,713,0.0070991947000114,12934,3599.8305275440216,13.332685399483138
cellular_potts,async,4,765,0.0058768433653765,12934,3599.8305275440216,13.332685399483138
cellular_potts,async,4,821,0.0055295932371891,12934,3599.8305275440216,13.332685399483138
cellular_potts,async,4,882,0.0047946356063033,12934,3599.8305275440216,13.332685399483138
cellular_potts,async,4,946,0.0039158402611458,12934,3599.8305275440216,13.332685399483138
cellular_potts,async,4,1016,0.0034694182106988,12934,3599.8305275440216,13.332685399483138
cellular_potts,async,4,1090,0.0030005735998548,12934,3599.8305275440216,13.332685399483138
cellular_potts,async,4,1170,0.0027997909679908,12934,3599.8305275440216,13.332685399483138
cellular_potts,async,4,1255,0.0025780922524259,12934,3599.8305275440216,13.332685399483138
cellular_potts,async,4,1347,0.0021538697390164,12934,3599.8305275440216,13.332685399483138
cellular_potts,async,4,1446,0.0019628070622785,12934,3599.8305275440216,13.332685399483138
cellular_potts,async,4,1552,0.0016451776835982,12934,3599.8305275440216,13.332685399483138
cellular_potts,async,4,1666,0.0013900086027318,12934,3599.8305275440216,13.332685399483138
cellular_potts,async,4,1788,0.0012288722345693,12934,3599.8305275440216,13.332685399483138
cellular_potts,async,4,1919,0.0010237437243049,12934,3599.8305275440216,13.332685399483138
cellular_potts,async,4,2059,0.0009041920043003,12934,3599.8305275440216,13.332685399483138
cellular_potts,async,4,2210,0.0007777472391079,12934,3599.8305275440216,13.332685399483138
cellular_potts,async,4,2372,0.0007140332876297,12934,3599.8305275440216,13.332685399483138
cellular_potts,async,4,2546,0.0006516400624921,12934,3599.8305275440216,13.332685399483138
cellular_potts,async,4,2732,0.0006215873442177,12934,3599.8305275440216,13.332685399483138
cellular_potts,async,4,2932,0.0005613939540621,12934,3599.8305275440216,13.332685399483138
cellular_potts,async,4,3147,0.0004653203457707,12934,3599.8305275440216,13.332685399483138
cellular_potts,async,4,3377,0.0004310239068539,12934,3599.8305275440216,13.332685399483138
cellular_potts,async,4,3625,0.0004132950140852,12934,3599.8305275440216,13.332685399483138
cellular_potts,async,4,3890,0.0003816272498696,12934,3599.8305275440216,13.332685399483138
cellular_potts,async,4,4175,0.0003717589662292,12934,3599.8305275440216,13.332685399483138
cellular_potts,async,4,4481,0.0003242208336739,12934,3599.8305275440216,13.332685399483138
cellular_potts,async,4,4809,0.0002988975290844,12934,3599.8305275440216,13.332685399483138
cellular_potts,async,4,5161,0.0002733158804049,12934,3599.8305275440216,13.332685399483138
cellular_potts,async,4,5539,0.00023187354093,12934,3599.8305275440216,13.332685399483138
cellular_potts,async,4,5944,0.0002178632106079,12934,3599.8305275440216,13.332685399483138
cellular_potts,async,4,6380,0.000197364912911,12934,3599.8305275440216,13.332685399483138
cellular_potts,async,4,6847,0.0001795069536034,12934,3599.8305275440216,13.332685399483138
cellular_potts,async,4,7348,0.0001618689163138,12934,3599.8305275440216,13.332685399483138
cellular_potts,async,4,7886,0.0001505321387926,12934,3599.8305275440216,13.332685399483138
cellular_potts,async,4,8464,0.0001379003373491,12934,3599.8305275440216,13.332685399483138
cellular_potts,async,4,9084,0.000123750773716,12934,3599.8305275440216,13.332685399483138
cellular_potts,async,4,9749,0.0001183798699335,12934,3599.8305275440216,13.332685399483138
cellular_potts,async,4,10463,0.0001142293410986,12934,3599.8305275440216,13.332685399483138
cellular_potts,async,4,11229,0.0001045874827023,12934,3599.8305275440216,13.332685399483138
cellular_potts,async,4,12051,9.821904584021028e-05,12934,3599.8305275440216,13.332685399483138
cellular_potts,async,4,12934,8.708180910421177e-05,12934,3599.8305275440216,13.332685399483138
cellular_potts,sync,0,200,0.4623747203750489,4749,3593.935296535492,13.659966163721608
cellular_potts,sync,0,211,0.4290674061219959,4749,3593.935296535492,13.659966163721608
cellular_potts,sync,0,222,0.4206916319502797,4749,3593.935296535492,13.659966163721608
cellular_potts,sync,0,234,0.3820871589003671,4749,3593.935296535492,13.659966163721608
cellular_potts,sync,0,247,0.3629165520184773,4749,3593.935296535492,13.659966163721608
cellular_potts,sync,0,261,0.3189983856158154,4749,3593.935296535492,13.659966163721608
cellular_potts,sync,0,276,0.2967342574050388,4749,3593.935296535492,13.659966163721608
cellular_potts,sync,0,291,0.2607384535723874,4749,3593.935296535492,13.659966163721608
cellular_potts,sync,0,307,0.2129352312991065,4749,3593.935296535492,13.659966163721608
cellular_potts,sync,0,324,0.2058854831451253,4749,3593.935296535492,13.659966163721608
cellular_potts,sync,0,342,0.2028441472165566,4749,3593.935296535492,13.659966163721608
cellular_potts,sync,0,360,0.1957334737493172,4749,3593.935296535492,13.659966163721608
cellular_potts,sync,0,380,0.1488347246468188,4749,3593.935296535492,13.659966163721608
cellular_potts,sync,0,401,0.1381843808879294,4749,3593.935296535492,13.659966163721608
cellular_potts,sync,0,424,0.1240360617737479,4749,3593.935296535492,13.659966163721608
cellular_potts,sync,0,447,0.1167637997607231,4749,3593.935296535492,13.659966163721608
cellular_potts,sync,0,472,0.1001037759110397,4749,3593.935296535492,13.659966163721608
cellular_potts,sync,0,498,0.0689421820798417,4749,3593.935296535492,13.659966163721608
cellular_potts,sync,0,525,0.0527628905677494,4749,3593.935296535492,13.659966163721608
cellular_potts,sync,0,554,0.043725356700989,4749,3593.935296535492,13.659966163721608
cellular_potts,sync,0,585,0.0370404874356822,4749,3593.935296535492,13.659966163721608
cellular_potts,sync,0,617,0.0298662055606991,4749,3593.935296535492,13.659966163721608
cellular_potts,sync,0,651,0.0257401667263423,4749,3593.935296535492,13.659966163721608
cellular_potts,sync,0,687,0.0221121283461348,4749,3593.935296535492,13.659966163721608
cellular_potts,sync,0,725,0.0198564601004393,4749,3593.935296535492,13.659966163721608
cellular_potts,sync,0,765,0.0181929434943166,4749,3593.935296535492,13.659966163721608
cellular_potts,sync,0,807,0.0167150867984542,4749,3593.935296535492,13.659966163721608
cellular_potts,sync,0,852,0.0141425434231468,4749,3593.935296535492,13.659966163721608
cellular_potts,sync,0,899,0.0131181522204477,4749,3593.935296535492,13.659966163721608
cellular_potts,sync,0,948,0.01184227967799,4749,3593.935296535492,13.659966163721608
cellular_potts,sync,0,1001,0.0102798871130158,4749,3593.935296535492,13.659966163721608
cellular_potts,sync,0,1056,0.0098511793031163,4749,3593.935296535492,13.659966163721608
cellular_potts,sync,0,1114,0.0086215534875622,4749,3593.935296535492,13.659966163721608
cellular_potts,sync,0,1176,0.0078872183797491,4749,3593.935296535492,13.659966163721608
cellular_potts,sync,0,1240,0.0069351986468972,4749,3593.935296535492,13.659966163721608
cellular_potts,sync,0,1309,0.0062675705515839,4749,3593.935296535492,13.659966163721608
cellular_potts,sync,0,1381,0.0058507995972154,4749,3593.935296535492,13.659966163721608
cellular_potts,sync,0,1457,0.0049500569783429,4749,3593.935296535492,13.659966163721608
cellular_potts,sync,0,1538,0.0046678732350526,4749,3593.935296535492,13.659966163721608
cellular_potts,sync,0,1622,0.0044594141795507,4749,3593.935296535492,13.659966163721608
cellular_potts,sync,0,1712,0.0038663752450654,4749,3593.935296535492,13.659966163721608
cellular_potts,sync,0,1806,0.0036585072896964,4749,3593.935296535492,13.659966163721608
cellular_potts,sync,0,1906,0.0034647303993078,4749,3593.935296535492,13.659966163721608
cellular_potts,sync,0,2011,0.0031508444151403,4749,3593.935296535492,13.659966163721608
cellular_potts,sync,0,2122,0.0026512009257005,4749,3593.935296535492,13.659966163721608
cellular_potts,sync,0,2239,0.0022081820031962,4749,3593.935296535492,13.659966163721608
cellular_potts,sync,0,2363,0.0016396684072937,4749,3593.935296535492,13.659966163721608
cellular_potts,sync,0,2493,0.0015345983413508,4749,3593.935296535492,13.659966163721608
cellular_potts,sync,0,2631,0.0013915786607828,4749,3593.935296535492,13.659966163721608
cellular_potts,sync,0,2776,0.0012560235097051,4749,3593.935296535492,13.659966163721608
cellular_potts,sync,0,2929,0.0011993780063902,4749,3593.935296535492,13.659966163721608
cellular_potts,sync,0,3090,0.0010905109451331,4749,3593.935296535492,13.659966163721608
cellular_potts,sync,0,3261,0.0009591329950132,4749,3593.935296535492,13.659966163721608
cellular_potts,sync,0,3441,0.0009171980766693,4749,3593.935296535492,13.659966163721608
cellular_potts,sync,0,3631,0.0007587715636611,4749,3593.935296535492,13.659966163721608
cellular_potts,sync,0,3831,0.0006316365464766,4749,3593.935296535492,13.659966163721608
cellular_potts,sync,0,4042,0.0005234502636694,4749,3593.935296535492,13.659966163721608
cellular_potts,sync,0,4265,0.0004683711787167,4749,3593.935296535492,13.659966163721608
cellular_potts,sync,0,4500,0.0004367620120817,4749,3593.935296535492,13.659966163721608
cellular_potts,sync,0,4749,0.0004072939241842,4749,3593.935296535492,13.659966163721608
cellular_potts,sync,1,200,0.504920383221729,5802,3599.977672815323,13.576587563175778
cellular_potts,sync,1,211,0.41305041601402,5802,3599.977672815323,13.576587563175778
cellular_potts,sync,1,224,0.3987962100816194,5802,3599.977672815323,13.576587563175778
cellular_potts,sync,1,237,0.3850026658668771,5802,3599.977672815323,13.576587563175778
cellular_potts,sync,1,251,0.353910788893071,5802,3599.977672815323,13.576587563175778
cellular_potts,sync,1,266,0.3279005590409886,5802,3599.977672815323,13.576587563175778
cellular_potts,sync,1,281,0.2881369262184021,5802,3599.977672815323,13.576587563175778
cellular_potts,sync,1,298,0.2758969815761952,5802,3599.977672815323,13.576587563175778
cellular_potts,sync,1,315,0.2235767184611816,5802,3599.977672815323,13.576587563175778
cellular_potts,sync,1,334,0.2026850742811384,5802,3599.977672815323,13.576587563175778
cellular_potts,sync,1,353,0.1859852007931985,5802,3599.977672815323,13.576587563175778
cellular_potts,sync,1,374,0.1614497324911733,5802,3599.977672815323,13.576587563175778
cellular_potts,sync,1,396,0.1448723092593759,5802,3599.977672815323,13.576587563175778
cellular_potts,sync,1,420,0.1379122718547679,5802,3599.977672815323,13.576587563175778
cellular_potts,sync,1,444,0.1243538507000549,5802,3599.977672815323,13.576587563175778
cellular_potts,sync,1,470,0.1115020801353229,5802,3599.977672815323,13.576587563175778
cellular_potts,sync,1,498,0.0820245446849599,5802,3599.977672815323,13.576587563175778
cellular_potts,sync,1,527,0.0601624726707769,5802,3599.977672815323,13.576587563175778
cellular_potts,sync,1,558,0.0462222201026663,5802,3599.977672815323,13.576587563175778
cellular_potts,sync,1,591,0.0383942903374609,5802,3599.977672815323,13.576587563175778
cellular_potts,sync,1,626,0.0335833553536441,5802,3599.977672815323,13.576587563175778
cellular_potts,sync,1,663,0.0259692194538893,5802,3599.977672815323,13.576587563175778
cellular_potts,sync,1,702,0.0241439823457407,5802,3599.977672815323,13.576587563175778
cellular_potts,sync,1,743,0.0222422607429425,5802,3599.977672815323,13.576587563175778
cellular_potts,sync,1,786,0.0206792631550826,5802,3599.977672815323,13.576587563175778
cellular_potts,sync,1,833,0.0189241308210835,5802,3599.977672815323,13.576587563175778
cellular_potts,sync,1,882,0.0170103128925822,5802,3599.977672815323,13.576587563175778
cellular_potts,sync,1,933,0.0151418839808542,5802,3599.977672815323,13.576587563175778
cellular_potts,sync,1,988,0.0127814107162254,5802,3599.977672815323,13.576587563175778
cellular_potts,sync,1,1046,0.0111587823042024,5802,3599.977672815323,13.576587563175778
cellular_potts,sync,1,1108,0.0095792695742651,5802,3599.977672815323,13.576587563175778
cellular_potts,sync,1,1173,0.0093756455760001,5802,3599.977672815323,13.576587563175778
cellular_potts,sync,1,1242,0.0084683807290636,5802,3599.977672815323,13.576587563175778
cellular_potts,sync,1,1315,0.0073217062536838,5802,3599.977672815323,13.576587563175778
cellular_potts,sync,1,1392,0.0065664305613788,5802,3599.977672815323,13.576587563175778
cellular_potts,sync,1,1474,0.0058825532284592,5802,3599.977672815323,13.576587563175778
cellular_potts,sync,1,1561,0.0049254270082355,5802,3599.977672815323,13.576587563175778
cellular_potts,sync,1,1652,0.0046380938257128,5802,3599.977672815323,13.576587563175778
cellular_potts,sync,1,1749,0.0042716556667086,5802,3599.977672815323,13.576587563175778
cellular_potts,sync,1,1852,0.0036705982480188,5802,3599.977672815323,13.576587563175778
cellular_potts,sync,1,1961,0.0028342586031119,5802,3599.977672815323,13.576587563175778
cellular_potts,sync,1,2076,0.0023950936327714,5802,3599.977672815323,13.576587563175778
cellular_potts,sync,1,2198,0.0020960916532443,5802,3599.977672815323,13.576587563175778
cellular_potts,sync,1,2327,0.0018580911671748,5802,3599.977672815323,13.576587563175778
cellular_potts,sync,1,2464,0.0016790335636607,5802,3599.977672815323,13.576587563175778
cellular_potts,sync,1,2609,0.0016331745647554,5802,3599.977672815323,13.576587563175778
cellular_potts,sync,1,2762,0.001416473036486,5802,3599.977672815323,13.576587563175778
cellular_potts,sync,1,2924,0.0013325117667244,5802,3599.977672815323,13.576587563175778
cellular_potts,sync,1,3096,0.0012292358302884,5802,3599.977672815323,13.576587563175778
cellular_potts,sync,1,3278,0.0011153097138793,5802,3599.977672815323,13.576587563175778
cellular_potts,sync,1,3471,0.0008733407140119,5802,3599.977672815323,13.576587563175778
cellular_potts,sync,1,3675,0.0008199695484979,5802,3599.977672815323,13.576587563175778
cellular_potts,sync,1,3890,0.0006918891306598,5802,3599.977672815323,13.576587563175778
cellular_potts,sync,1,4119,0.0006178189096142,5802,3599.977672815323,13.576587563175778
cellular_potts,sync,1,4361,0.0005577564163092,5802,3599.977672815323,13.576587563175778
cellular_potts,sync,1,4617,0.0004795707193788,5802,3599.977672815323,13.576587563175778
cellular_potts,sync,1,4888,0.0004202085659671,5802,3599.977672815323,13.576587563175778
cellular_potts,sync,1,5176,0.0003407294348094,5802,3599.977672815323,13.576587563175778
cellular_potts,sync,1,5480,0.0002974473968018,5802,3599.977672815323,13.576587563175778
cellular_potts,sync,1,5802,0.0002421782279086,5802,3599.977672815323,13.576587563175778
cellular_potts,sync,2,200,0.4028685659417592,5400,3591.7974605560303,13.66755915054569
cellular_potts,sync,2,211,0.3774417963293106,5400,3591.7974605560303,13.66755915054569
cellular_potts,sync,2,223,0.3550316307305916,5400,3591.7974605560303,13.66755915054569
cellular_potts,sync,2,236,0.3224042478588215,5400,3591.7974605560303,13.66755915054569
cellular_potts,sync,2,250,0.2724757180855458,5400,3591.7974605560303,13.66755915054569
cellular_potts,sync,2,264,0.2526291666279112,5400,3591.7974605560303,13.66755915054569
cellular_potts,sync,2,279,0.2402304837524195,5400,3591.7974605560303,13.66755915054569
cellular_potts,sync,2,295,0.2301167073652599,5400,3591.7974605560303,13.66755915054569
cellular_potts,sync,2,312,0.2199032563283119,5400,3591.7974605560303,13.66755915054569
cellular_potts,sync,2,330,0.2048353117112357,5400,3591.7974605560303,13.66755915054569
cellular_potts,sync,2,349,0.1895187958649331,5400,3591.7974605560303,13.66755915054569
cellular_potts,sync,2,369,0.1812517765601252,5400,3591.7974605560303,13.66755915054569
cellular_potts,sync,2,390,0.1735070432024828,5400,3591.7974605560303,13.66755915054569
cellular_potts,sync,2,413,0.1593039269533757,5400,3591.7974605560303,13.66755915054569
cellular_potts,sync,2,437,0.1519635269070497,5400,3591.7974605560303,13.66755915054569
cellular_potts,sync,2,462,0.1371009901666237,5400,3591.7974605560303,13.66755915054569
cellular_potts,sync,2,488,0.1290320926389164,5400,3591.7974605560303,13.66755915054569
cellular_potts,sync,2,516,0.1133604165936341,5400,3591.7974605560303,13.66755915054569
cellular_potts,sync,2,546,0.1035729944300496,5400,3591.7974605560303,13.66755915054569
cellular_potts,sync,2,578,0.0759565879899333,5400,3591.7974605560303,13.66755915054569
cellular_potts,sync,2,611,0.0533631782683974,5400,3591.7974605560303,13.66755915054569
cellular_potts,sync,2,646,0.0441820344162398,5400,3591.7974605560303,13.66755915054569
cellular_potts,sync,2,683,0.0391707224287244,5400,3591.7974605560303,13.66755915054569
cellular_potts,sync,2,722,0.0335955904730042,5400,3591.7974605560303,13.66755915054569
cellular_potts,sync,2,764,0.0296092117623554,5400,3591.7974605560303,13.66755915054569
cellular_potts,sync,2,808,0.0258496299118726,5400,3591.7974605560303,13.66755915054569
cellular_potts,sync,2,854,0.0211980718257078,5400,3591.7974605560303,13.66755915054569
cellular_potts,sync,2,903,0.0193772971943646,5400,3591.7974605560303,13.66755915054569
cellular_potts,sync,2,955,0.0165460597164347,5400,3591.7974605560303,13.66755915054569
cellular_potts,sync,2,1010,0.0139721363272812,5400,3591.7974605560303,13.66755915054569
cellular_potts,sync,2,1068,0.0119337807308862,5400,3591.7974605560303,13.66755915054569
cellular_potts,sync,2,1130,0.0111033666051573,5400,3591.7974605560303,13.66755915054569
cellular_potts,sync,2,1194,0.009644347781075,5400,3591.7974605560303,13.66755915054569
cellular_potts,sync,2,1263,0.0087779272314896,5400,3591.7974605560303,13.66755915054569
cellular_potts,sync,2,1336,0.0083146859278686,5400,3591.7974605560303,13.66755915054569
cellular_potts,sync,2,1413,0.0078526156992563,5400,3591.7974605560303,13.66755915054569
cellular_potts,sync,2,1494,0.0071063401770487,5400,3591.7974605560303,13.66755915054569
cellular_potts,sync,2,1580,0.0061200129885902,5400,3591.7974605560303,13.66755915054569
cellular_potts,sync,2,1670,0.0053243215224201,5400,3591.7974605560303,13.66755915054569
cellular_potts,sync,2,1766,0.0046667732246124,5400,3591.7974605560303,13.66755915054569
cellular_potts,sync,2,1868,0.0040756374089358,5400,3591.7974605560303,13.66755915054569
cellular_potts,sync,2,1975,0.0037558151629618,5400,3591.7974605560303,13.66755915054569
cellular_potts,sync,2,2089,0.0033026588182777,5400,3591.7974605560303,13.66755915054569
cellular_potts,sync,2,2209,0.0031707537122851,5400,3591.7974605560303,13.66755915054569
cellular_potts,sync,2,2336,0.0027313363340504,5400,3591.7974605560303,13.66755915054569
cellular_potts,sync,2,2470,0.0022214448836459,5400,3591.7974605560303,13.66755915054569
cellular_potts,sync,2,2612,0.001969076061448,5400,3591.7974605560303,13.66755915054569
cellular_potts,sync,2,2762,0.0017550493166264,5400,3591.7974605560303,13.66755915054569
cellular_potts,sync,2,2920,0.0015448419641818,5400,3591.7974605560303,13.66755915054569
cellular_potts,sync,2,3088,0.0012209144302631,5400,3591.7974605560303,13.66755915054569
cellular_potts,sync,2,3266,0.0011108376631149,5400,3591.7974605560303,13.66755915054569
cellular_potts,sync,2,3453,0.0009828072375295,5400,3591.7974605560303,13.66755915054569
cellular_potts,sync,2,3652,0.0008838392331731,5400,3591.7974605560303,13.66755915054569
cellular_potts,sync,2,3862,0.000828520794849,5400,3591.7974605560303,13.66755915054569
cellular_potts,sync,2,4084,0.0008060610133585,5400,3591.7974605560303,13.66755915054569
cellular_potts,sync,2,4318,0.0007469318649448,5400,3591.7974605560303,13.66755915054569
cellular_potts,sync,2,4566,0.0006434709625866,5400,3591.7974605560303,13.66755915054569
cellular_potts,sync,2,4829,0.0005085951466177,5400,3591.7974605560303,13.66755915054569
cellular_potts,sync,2,5106,0.000387522291968,5400,3591.7974605560303,13.66755915054569
cellular_potts,sync,2,5400,0.0003530096034202,5400,3591.7974605560303,13.66755915054569
cellular_potts,sync,3,200,0.4285703124287007,5348,3599.5662665367126,13.65367064640071
cellular_potts,sync,3,211,0.4135528599664837,5348,3599.5662665367126,13.65367064640071
cellular_potts,sync,3,223,0.4048669106563422,5348,3599.5662665367126,13.65367064640071
cellular_potts,sync,3,236,0.3613101996854443,5348,3599.5662665367126,13.65367064640071
cellular_potts,sync,3,249,0.3265082391372856,5348,3599.5662665367126,13.65367064640071
cellular_potts,sync,3,264,0.3137798219565399,5348,3599.5662665367126,13.65367064640071
cellular_potts,sync,3,279,0.264949597509976,5348,3599.5662665367126,13.65367064640071
cellular_potts,sync,3,295,0.2440708111788108,5348,3599.5662665367126,13.65367064640071
cellular_potts,sync,3,312,0.2183255142355752,5348,3599.5662665367126,13.65367064640071
cellular_potts,sync,3,330,0.2081298989723567,5348,3599.5662665367126,13.65367064640071
cellular_potts,sync,3,349,0.2010119598127375,5348,3599.5662665367126,13.65367064640071
cellular_potts,sync,3,369,0.1744786138015738,5348,3599.5662665367126,13.65367064640071
cellular_potts,sync,3,390,0.1662576331074042,5348,3599.5662665367126,13.65367064640071
cellular_potts,sync,3,412,0.1662576331074042,5348,3599.5662665367126,13.65367064640071
cellular_potts,sync,3,436,0.1635589012864177,5348,3599.5662665367126,13.65367064640071
cellular_potts,sync,3,461,0.1306196823319058,5348,3599.5662665367126,13.65367064640071
cellular_potts,sync,3,487,0.1251122697932742,5348,3599.5662665367126,13.65367064640071
cellular_potts,sync,3,515,0.1188748056155352,5348,3599.5662665367126,13.65367064640071
cellular_potts,sync,3,545,0.1155548008525418,5348,3599.5662665367126,13.65367064640071
cellular_potts,sync,3,576,0.1097437958135616,5348,3599.5662665367126,13.65367064640071
cellular_potts,sync,3,609,0.0791349461569545,5348,3599.5662665367126,13.65367064640071
cellular_potts,sync,3,644,0.0582954346567224,5348,3599.5662665367126,13.65367064640071
cellular_potts,sync,3,681,0.0441708345124445,5348,3599.5662665367126,13.65367064640071
cellular_potts,sync,3,720,0.0387092435809473,5348,3599.5662665367126,13.65367064640071
cellular_potts,sync,3,761,0.0299758370985322,5348,3599.5662665367126,13.65367064640071
cellular_potts,sync,3,804,0.0229717792947191,5348,3599.5662665367126,13.65367064640071
cellular_potts,sync,3,851,0.021110304256415,5348,3599.5662665367126,13.65367064640071
cellular_potts,sync,3,899,0.0171300483429147,5348,3599.5662665367126,13.65367064640071
cellular_potts,sync,3,951,0.015951053692369,5348,3599.5662665367126,13.65367064640071
cellular_potts,sync,3,1005,0.0144599092650679,5348,3599.5662665367126,13.65367064640071
cellular_potts,sync,3,1063,0.0135386348110362,5348,3599.5662665367126,13.65367064640071
cellular_potts,sync,3,1124,0.0115058225755422,5348,3599.5662665367126,13.65367064640071
cellular_potts,sync,3,1188,0.0105703465844702,5348,3599.5662665367126,13.65367064640071
cellular_potts,sync,3,1256,0.0085205203422638,5348,3599.5662665367126,13.65367064640071
cellular_potts,sync,3,1328,0.0069747943400817,5348,3599.5662665367126,13.65367064640071
cellular_potts,sync,3,1404,0.0061463997199974,5348,3599.5662665367126,13.65367064640071
cellular_potts,sync,3,1485,0.0050449049915565,5348,3599.5662665367126,13.65367064640071
cellular_potts,sync,3,1570,0.0042087626035943,5348,3599.5662665367126,13.65367064640071
cellular_potts,sync,3,1660,0.0037665442132262,5348,3599.5662665367126,13.65367064640071
cellular_potts,sync,3,1755,0.0033397464119609,5348,3599.5662665367126,13.65367064640071
cellular_potts,sync,3,1856,0.0029520280798356,5348,3599.5662665367126,13.65367064640071
cellular_potts,sync,3,1962,0.002789896519409,5348,3599.5662665367126,13.65367064640071
cellular_potts,sync,3,2074,0.0024913874491315,5348,3599.5662665367126,13.65367064640071
cellular_potts,sync,3,2193,0.002235261616612,5348,3599.5662665367126,13.65367064640071
cellular_potts,sync,3,2319,0.00198308267946,5348,3599.5662665367126,13.65367064640071
cellular_potts,sync,3,2452,0.0017253482022401,5348,3599.5662665367126,13.65367064640071
cellular_potts,sync,3,2592,0.0014466517549825,5348,3599.5662665367126,13.65367064640071
cellular_potts,sync,3,2741,0.0011338018313271,5348,3599.5662665367126,13.65367064640071
cellular_potts,sync,3,2898,0.0010637103091215,5348,3599.5662665367126,13.65367064640071
cellular_potts,sync,3,3064,0.0009954316271886,5348,3599.5662665367126,13.65367064640071
cellular_potts,sync,3,3239,0.0008796325095123,5348,3599.5662665367126,13.65367064640071
cellular_potts,sync,3,3425,0.0007897539931226,5348,3599.5662665367126,13.65367064640071
cellular_potts,sync,3,3621,0.0007043655540675,5348,3599.5662665367126,13.65367064640071
cellular_potts,sync,3,3828,0.0005901662857331,5348,3599.5662665367126,13.65367064640071
cellular_potts,sync,3,4048,0.0005089246608157,5348,3599.5662665367126,13.65367064640071
cellular_potts,sync,3,4279,0.0004405983438655,5348,3599.5662665367126,13.65367064640071
cellular_potts,sync,3,4525,0.0004016638436246,5348,3599.5662665367126,13.65367064640071
cellular_potts,sync,3,4784,0.0003564748718123,5348,3599.5662665367126,13.65367064640071
cellular_potts,sync,3,5058,0.0003440184114923,5348,3599.5662665367126,13.65367064640071
cellular_potts,sync,3,5348,0.0003118465348574,5348,3599.5662665367126,13.65367064640071
cellular_potts,sync,4,200,0.4612397111160383,5838,3597.679258584976,13.58094048001824
cellular_potts,sync,4,211,0.4329477715335571,5838,3597.679258584976,13.58094048001824
cellular_potts,sync,4,224,0.4012138444533865,5838,3597.679258584976,13.58094048001824
cellular_potts,sync,4,237,0.3665370758078013,5838,3597.679258584976,13.58094048001824
cellular_potts,sync,4,251,0.3535085181282739,5838,3597.679258584976,13.58094048001824
cellular_potts,sync,4,266,0.323159192942702,5838,3597.679258584976,13.58094048001824
cellular_potts,sync,4,281,0.3089019278993674,5838,3597.679258584976,13.58094048001824
cellular_potts,sync,4,298,0.2865921560685966,5838,3597.679258584976,13.58094048001824
cellular_potts,sync,4,316,0.267812370661371,5838,3597.679258584976,13.58094048001824
cellular_potts,sync,4,334,0.2475175708542632,5838,3597.679258584976,13.58094048001824
cellular_potts,sync,4,354,0.1965185708101238,5838,3597.679258584976,13.58094048001824
cellular_potts,sync,4,375,0.1885771620657046,5838,3597.679258584976,13.58094048001824
cellular_potts,sync,4,397,0.1533171325728842,5838,3597.679258584976,13.58094048001824
cellular_potts,sync,4,420,0.1421460131688805,5838,3597.679258584976,13.58094048001824
cellular_potts,sync,4,445,0.1277595893151822,5838,3597.679258584976,13.58094048001824
cellular_potts,sync,4,471,0.1263637653849393,5838,3597.679258584976,13.58094048001824
cellular_potts,sync,4,499,0.0827060369720614,5838,3597.679258584976,13.58094048001824
cellular_potts,sync,4,528,0.0632753407757767,5838,3597.679258584976,13.58094048001824
cellular_potts,sync,4,559,0.0551555955807205,5838,3597.679258584976,13.58094048001824
cellular_potts,sync,4,592,0.0403577230575991,5838,3597.679258584976,13.58094048001824
cellular_potts,sync,4,627,0.0334438396376119,5838,3597.679258584976,13.58094048001824
cellular_potts,sync,4,664,0.0280581469672766,5838,3597.679258584976,13.58094048001824
cellular_potts,sync,4,703,0.0258910130055569,5838,3597.679258584976,13.58094048001824
cellular_potts,sync,4,745,0.024493323685614,5838,3597.679258584976,13.58094048001824
cellular_potts,sync,4,788,0.021916759310008,5838,3597.679258584976,13.58094048001824
cellular_potts,sync,4,835,0.0188254593132483,5838,3597.679258584976,13.58094048001824
cellular_potts,sync,4,884,0.0157789615214837,5838,3597.679258584976,13.58094048001824
cellular_potts,sync,4,936,0.0137284776788848,5838,3597.679258584976,13.58094048001824
cellular_potts,sync,4,991,0.0122905095076567,5838,3597.679258584976,13.58094048001824
cellular_potts,sync,4,1050,0.0113224730337809,5838,3597.679258584976,13.58094048001824
cellular_potts,sync,4,1111,0.0101907937490242,5838,3597.679258584976,13.58094048001824
cellular_potts,sync,4,1177,0.0078518382702633,5838,3597.679258584976,13.58094048001824
cellular_potts,sync,4,1246,0.0069472693120337,5838,3597.679258584976,13.58094048001824
cellular_potts,sync,4,1319,0.0056136627398412,5838,3597.679258584976,13.58094048001824
cellular_potts,sync,4,1397,0.0049434813941768,5838,3597.679258584976,13.58094048001824
cellular_potts,sync,4,1479,0.0044656024864429,5838,3597.679258584976,13.58094048001824
cellular_potts,sync,4,1567,0.0040949126910041,5838,3597.679258584976,13.58094048001824
cellular_potts,sync,4,1659,0.0035074321161049,5838,3597.679258584976,13.58094048001824
cellular_potts,sync,4,1756,0.0033447330894153,5838,3597.679258584976,13.58094048001824
cellular_potts,sync,4,1860,0.0027839666476104,5838,3597.679258584976,13.58094048001824
cellular_potts,sync,4,1969,0.0024149724647293,5838,3597.679258584976,13.58094048001824
cellular_potts,sync,4,2085,0.0021540769826061,5838,3597.679258584976,13.58094048001824
cellular_potts,sync,4,2208,0.0018756362249684,5838,3597.679258584976,13.58094048001824
cellular_potts,sync,4,2338,0.0017244084100191,5838,3597.679258584976,13.58094048001824
cellular_potts,sync,4,2475,0.0015492594542505,5838,3597.679258584976,13.58094048001824
cellular_potts,sync,4,2621,0.0014287979432928,5838,3597.679258584976,13.58094048001824
cellular_potts,sync,4,2775,0.0012875147266915,5838,3597.679258584976,13.58094048001824
cellular_potts,sync,4,2939,0.0011301123799452,5838,3597.679258584976,13.58094048001824
cellular_potts,sync,4,3112,0.0010172718729251,5838,3597.679258584976,13.58094048001824
cellular_potts,sync,4,3295,0.0009609647537735,5838,3597.679258584976,13.58094048001824
cellular_potts,sync,4,3489,0.0007853684252233,5838,3597.679258584976,13.58094048001824
cellular_potts,sync,4,3694,0.0006443939451573,5838,3597.679258584976,13.58094048001824
cellular_potts,sync,4,3912,0.0005800176251457,5838,3597.679258584976,13.58094048001824
cellular_potts,sync,4,4142,0.0005013388149049,5838,3597.679258584976,13.58094048001824
cellular_potts,sync,4,4386,0.0004591451236711,5838,3597.679258584976,13.58094048001824
cellular_potts,sync,4,4644,0.0004069100021982,5838,3597.679258584976,13.58094048001824
cellular_potts,sync,4,4917,0.0003687386793039,5838,3597.679258584976,13.58094048001824
cellular_potts,sync,4,5207,0.000353080716776,5838,3597.679258584976,13.58094048001824
cellular_potts,sync,4,5513,0.000315635756821,5838,3597.679258584976,13.58094048001824
cellular_potts,sync,4,5838,0.0002722894818006,5838,3597.679258584976,13.58094048001824
